hscode,hsdesc,latest_export_usd_mn,growth_5yr_pct,cagr_pct,volatility_pct,momentum_score
8429,SLF,1768.69,100.17,18.95,3.80,91.94
8481,"TAPS, COCKS, VALVES AND SIMILAR APPLIANCES FOR PIPES, BOILER SHELLS, TANKS, VATS OR THE LIKE, INCLUDING PRESSURE",2839.55,80.50,15.91,2.92,90.33
8544,"INSULATED (INCL ENAMELLED OR ANODISED) WIRE, CABLE (INCL CO",2871.34,106.15,19.82,7.10,89.51
8537,"BORDS PANLS ETC EQUIPD WTH TWO OR MORE    APPRTS OF HDG 8535/8536,INCL THOSE        INCORPRTNG INSTRMNTS/APPRTS OF CH 90",1124.24,102.11,19.23,3.22,89.46
2101,"EXTRTS ESSNCS AND CNCNTRTS OF COFFE TEA/    MATEAND THR PRPN;RSTD CHICORY AND OTHR RSTD   COFFE SUBSTITUTS,EXTRCTS,ESSNC",825.17,99.08,18.78,4.12,86.98
8415,"AIRCONDTNG MCHNS,CMPRSNG MOTR",540.09,131.08,23.29,4.36,85.74
8517,"ELCTRCL APARTS FR LINE TELEPHNY/TELGRPHY, INCL TELPHON SETS WTH CORDLS HANDSET      CARIER",33759.21,374.56,47.60,18.57,84.40
2106,OTHR FOOD PREPRNS N.E.S.,957.97,60.48,12.55,5.13,82.47
8538,"PRTS SUITBL FR USE SOLELY/PRINCIPALLY WTH THE APPRTS OF HDG NO.8535,8536/8537",1584.39,86.26,16.82,10.87,82.17
8703,MOTR CARS AND OTHR MOTR VHCLS FR TRNSPRT OF PERSONS(EXCL OF 8702)INCL RCNG CARS ETC,9040.19,52.52,11.13,9.21,81.94
8536,ELCTRCLS APPRTS FR SWTCHNG/PRTCTNG ELCTRCLCIRCUITS ETC.(E.G.SWTCHS RELAYS ETC.)     FOR A VOLTAGE NOT EXCDG 1000 VOLTS,1517.26,49.93,10.66,6.59,81.91
1905,"BREAD, PASTRY, CAKES, BISCUITS AND OTHER  BAKERS WARES, WHETHER OR NOT CONTAINING  COCOA; COMMUNION WAFERS, EMPTY CACHE",685.90,66.10,13.53,4.37,81.48
8431,PRTS SUITBL FR USE SOLELY/PRNCPLY WTH THE MCHNRY OF HDGS.NOS.8425 TO 8430,1507.50,44.74,9.68,6.32,81.07
0202,"MEAT OF BOVINE ANIMALS, FROZEN",4612.90,57.15,11.96,10.48,80.85
8483,TRNSMSN SHFTS AND CRNKS;GEARS;BALL SCREWS;  BEARING HOUSING ANDOTHR PLAIN SHFT BEARINGS SPD CHNGRS INCL TORQUE CNVRTRSFF,2242.11,30.93,6.97,2.95,80.80
8504,"ELECTRICAL TRANSFORMERS, STATIC CONVERTERS (FOR EXAMPLE, RECTIFIERS) AND INDUCTORS",3199.92,42.58,9.27,7.81,80.45
3002,"HUMN,ANML,BLD FR MDCNL USE; MDFD IMUNLGCL PRDT W/N_BITECH PRCS;VCCNS,TXNS,CLTR_MCRGNSM,ETHER SMLR P; CELL CLTR ,W/N MDFD",2246.68,53.57,11.32,9.84,80.20
8413,"PUMPS FOR LIQUIDS, WHETHER OR NOT FITTED  WITH A",1604.83,32.99,7.39,3.63,80.18
9018,"INSTRMNTS AND APPLNCS USED IN MDCL,SURGCL,  DNTL/VTRNRY SCNCS,INCL SCNTGRPHC APPRTS   ELCTRO",1500.84,37.50,8.29,5.70,79.69
8501,ELCTRC MOTRS AND GENRTRS(EXCL GENRTNG SETS),902.10,41.72,9.11,4.01,79.59
3004,"MDCMNTS (EXCL ITMS OF 3002,3005 / 3006)   FR THRPUTC/PRPHYLCTC USES IN MEASURD      DOSESOR IN PCKNGS FR RTL SALE",21866.01,28.00,6.37,5.58,79.26
8411,TURBO,5672.06,74.51,14.94,15.23,79.21
8708,PARTS AND ACCESSORIES OF THE MOTOR        VEHICLES OF HEADINGS 8701 TO 8705,7642.94,21.98,5.09,2.28,78.70
2401,UNMANUFACTURED TOBACCO; TOBACCO REFUSE,1367.28,139.71,24.43,20.41,78.38
2818,"ARTIFICIAL CORUNDUM, WHETHER OR NOT       CHEMICALLY DEFINED; ALUMINIUM OXIDE;      ALUMINIUM HYDROXIDE",1700.55,158.55,26.81,28.77,78.21
2921,AMINE,1212.54,63.44,13.07,10.17,78.16
8419,"MCHNRY,PLNT/LABORATORY EQPMNT,W/N ELCTRCLYHEATD,FR HEATNG,COOKNG,ETC,EXCL MCHNRY FR DOMSTC PURPS;STORG WTR HEATRS,NON",1390.14,75.40,15.08,13.58,78.09
0901,"COFFEE, WHETHER OR NOT ROASTED OR         DACAFFEINATED; COFFEE HUSKS AND SKINS;    COFFEE SUBSTITUTES CONTAINING COFFEE",1405.88,99.64,18.87,18.05,77.68
8901,"CRUISE SHIPS, EXCURSION BOATS , FERRY",1639.03,291.63,40.68,61.58,77.28
8409,PARTS SUITABLE FOR USE SOLELY OR          PRINCIPALLY WITH THE ENGINES OF HEADING   8407 OR 8408,1760.38,20.63,4.80,1.07,76.84
8421,"CENTRIFUGES, INCLUDING CENTRIFUGAL DRYERS; FILTERING OR PURIFYING MACHINERY AND     APPARATUS, FOR LIQUIDS OR GASES",1186.94,36.77,8.14,6.50,76.70
3602,PRPD EXPLOSIVES OTHR THN PROPELLENT PWDRS,261.53,568.77,60.81,9.33,76.60
7801,UNWROUGHT LEAD,1260.90,135.68,23.90,27.00,76.33
8503,PARTS SUITABLE FOR USE SOLELY OR          PRINCIPALLY WITH THE MACHINES OF HEADING  8501 OR 8502,1425.97,70.10,14.20,15.30,76.32
3302,MXTR/SLTN OF ODORFRS SBSTNS OF A KIND USD AS RAW MTRL IN INDSTRY AND PRPRTN FR MNFCTR OF BEVRGS,538.52,42.83,9.32,4.69,76.16
7305,"OTHR TUBESANDPIPES,(E.G.WELDED,RIVETED ETC) HAVNG CIRCLR CRS SCTN,THE EXTRNL DIAMETR  OF WHCH EXCDS 406.4MM, OF IRON/STL",1016.66,282.51,39.85,33.01,76.11
9021,"ORTHPDC APLNCS,ARTFCL PRTS OF TH BODY;HRNGAIDS AND OTHR APLNCS WHCH ARE WRN/CRRD/     IMPLNTD IN THE BODY TO CMPNST DFCT",493.22,133.06,23.56,13.09,76.05
0902,TEA,898.82,31.24,7.03,4.22,75.85
8479,"MCHNS AND MCHNCL APPLNCS HVNG INDVDL        FUNCTNS,N.E.S.",1320.11,26.58,6.07,5.46,75.68
7113,ARTCLS OF JEWELLERY AND PRTS THEREOF; OF    PRCS MTL/OF MTL CLD WTH PRECIOUS METAL,13276.62,20.77,4.83,6.25,75.49
8414,"AIR/VACUUM PUMPS,AIR/OTHR GAS COMPRSRS AND  FANS;VNTLTNG/RCYCLNG HOODS INCRPRTNG A    FAN,W/N FITTED WITH FILTERS",1480.97,22.78,5.26,4.43,75.43
8471,AUTOMATIC DATA PROCESSING MACHINES AND    UNITS,1074.61,383.91,48.32,50.20,75.31
7010,"CARBOYS,BOTLS,FLSKS,JARS ETC FOR CNVYANCE OR PCKNG OF GOODS; PRSRVNG JARS OF GLASS; STOPERS,LIDS AND OTHR CLOSRS  OF GLA",463.56,46.19,9.96,5.48,75.28
2803,CARBON (CARBON BLACKS AND OTHER FORMS OF  CARBON NOT ELSEWHERE SPECIFIED OR         INCLUDED),498.87,69.88,14.17,9.06,75.11
7408,COPPER WIRE,999.44,599.65,62.64,90.24,74.97
8541,"SEMCOND DVS[SCD]( DIOD,TRNSTR,TRNSDCER); P SENST [SCD],P VOLT IF WITH MDL/ OF PNEL, LED,IF WITH LED;MTD PIEZO",1206.13,536.02,58.81,210.22,74.97
0713,DRID LEGUMINOUS VEG SHLD W/N SKINNED/SPLIT,969.58,154.96,26.36,28.53,74.91
2716,ELECTRICAL ENERGY,1368.26,128.30,22.92,40.68,74.78
4823,"OTHER PAPER, PAPERBOARD, CELLULOSE WADDING AND WEBS OF CELLULOSE FIBERS, CUT TO SIZE OR SHAPE; OTHER ARTICLES OF PAPERPU",660.94,32.83,7.35,3.37,74.68
3811,ANTI,417.12,80.90,15.97,9.32,74.58
7307,"TUBE OR PIPE FITTINGS (FOR EXAMPLE,       COUPLINGS, ELBOW SLEEVES), OF IRON OR     STEEL",1152.21,36.77,8.14,8.48,74.43
9306,"PARTS AND ACCESSORIES OF OTER FIREARMS OF WAR AND PRTS THROF; CARTRDGSANDOTHR AMNTNS AND PRJCTLS AND PRTS,INCL SHOT AND",683.48,1212.08,90.32,44.59,73.75
8906,"OTHER VESSELS, INCLUDING WARSHIPS AND     LIFEBOATS OTHER THAN ROWING BOATS",908.48,242.24,36.01,52.41,73.61
0803,"BANANAS, INCLUDING PLAINTAINS, FRESH OR   DRIED",496.04,209.02,32.59,20.34,73.27
4819,"CARTONS, BOXES, CASES, BAGS AND OTHER     PACKING CONTAINERS, OF PAPER, PAPERBOARD, CELLULOSE WADDING OR WEBS OF CELLULO",353.35,43.29,9.41,4.28,72.99
8535,"ELCTRCL APPRTS FR SWTCHNG/PROTCTNG ELCTRCLCIRCUITS ETC.(E.G. SWTCHS,FUSES,LIGHTNING ARRESTERS ETC)FR A VLTG EXCDG 1000 V",328.90,60.98,12.64,6.37,72.97
8711,"MOTORCYCLES (INCLUDING MOPEDS) AND CYCLES FITTED WITH AN AUXILIARY MOTOR, WITH OR   WITHOUT SIDE",3982.74,33.41,7.47,12.33,72.75
8474,"MCHNRY FR SORTNG,SCRENG,SEPARTNG,WASHNG,  CRSHNG ETC OF MNRL SUBSTNCS,IN SOLID FORM MCHNS FR SHPNG MNRL FUELANDFRMNG MLD",953.44,39.48,8.68,10.08,72.74
9031,"MEASURING OR CHECKING INSTRUMENTS,        APPLIANCES AND MACHINES, NOT SPECIFIED OR INCLUDED ELSEWHERE IN THIS",379.86,58.78,12.25,7.63,72.70
9026,"INSTRMNTS AND APRTS FR MSRNG/CHKNG THE FLOW,LEVL,PRSR/OTHR VARIABLES OF LIQUID/GASES  EXCL APPRTS OF HDG 9014,9015,9028/",362.34,45.14,9.76,5.62,72.50
8714,PRTS AND ACCSSRS OF VHCLS OF HDG 8711,1268.72,28.96,6.57,8.52,72.41
8407,SPARK,599.76,35.74,7.94,6.77,71.97
4011,"NEW PNEUMATIC TYRES, OF RUBBER",3090.16,8.78,2.13,3.64,71.90
2403,OTHR MNFRD TOBACO AND MNFRD TOBACO          SUBSTTUTSHOMOGENISED OR RECONSTITUED      TOBACCO       TOBACCO EXTRACTS AND,446.56,67.12,13.70,10.62,71.89
8511,ELCTRCL IGNTN/STRTNG EQPMNT FR SPRK,475.96,33.87,7.56,5.10,71.80
1302,VEG SAPS AND EXTRCTS;PECTC SUBSTNCS PECTNATSPECTTS;AGAR,1106.04,30.82,6.95,8.70,71.75
7308,STRUCTRS(EXCL PREFABRICTD BLDNGS OF HDG   NO.9406)AND PARTS E.G.BRIDGES ROOFS DOORS   TUBES ETC USED IN STRUCTRS OF IRON,1752.74,29.66,6.71,11.36,71.69
2932,HTRCYCLC CMPNDS WTH OXYGN HTR,436.65,43.87,9.52,7.22,71.68
2309,PREPARATIONS OF A KIND USED IN ANIMAL     FEEDING,494.90,45.88,9.90,9.35,71.28
3912,"CELLULOSE AND ITS CHEMICAL DERIVATIVES,   NOT ELSEWHERE SPECIFIED OR INCLUDED, IN   PRIMARY FORMS",213.91,77.55,15.43,5.94,70.85
3402,ORGNC SURFACE,643.56,23.46,5.41,4.42,70.61
2004,"OTHER VEGETABLES PREPARED OR PRESERVED    OTHERWISE THAN BY VINEGAR OR ACETIC ACID, FROZEN, OTHER THAN PRODUCTS OF HEADI",341.54,235.32,35.32,20.25,70.12
9032,AUTMTC REGLTNG/CONTRLNG INSTRMNTS AND APRTS,547.08,77.66,15.45,17.22,69.96
2301,"FLOURS, MEALS AND PELLETS, OF MEAT OR MEAT OFFAL, OF FISH OR OF CRUSTACEANS,        MOLLUSCS OR OTHER AQUATIC INVERTEBRA",507.73,442.33,52.60,110.24,69.87
2001,VEG FRUTS NUTS AND OTHR EDBL PRTS OF PLNTS  PRPD/PRSVD BY VINEGAR/ACETIC ACID,313.25,51.59,10.96,7.63,69.71
4016,OTHER ARTICLES OF VULCANISED RUBBER OTHER THAN HARD RUBBER,719.96,20.54,4.78,5.34,69.65
8443,"PRINTNG MACHNRY,INCL INK",257.12,90.37,17.46,10.55,69.39
8473,"PARTS AND ACCESSORIES OTH THN COVERS, CARRYING CASES)SUITABLE FOR USE SOLELY /PRINCIPALLY WITH MACHINES OF HDG 8470 TO 8472",524.02,96.83,18.45,24.47,69.39
1704,SUGR CNFCTNRY (INCL WHTE CHCLT)WTHOT COCOA,283.45,84.32,16.52,10.62,69.35
2930,ORGANO,524.20,106.73,19.91,35.52,69.10
8408,COMPRESSION,1378.01,9.51,2.30,5.11,68.98
3802,ACTVTD CRBN,577.93,85.98,16.78,24.36,68.86
2103,"SAUCES AND PREPARATIONS THEREFOR, MIXED   CONDIMENTS AND MIXED SEASONINGS; MUSTARD  FLOUR AND MEAL AND PREPARED MUSTARD",150.67,90.19,17.44,5.95,68.80
4901,"PRINTED BOOKS, BROCHURES, LEAFLETS AND    SIMILAR PRINTED MATTER, WHETHER OR NOT IN SINGLE SHEETS",349.47,29.39,6.65,4.25,68.32
6907,"CERAMIC FLGS AND PAVING,HEARTH OR WALL TLS CERAMIC MOSAIC CUBES AND LIKE, WHETHER OR NOT ON A BACKING; FINISHING CERAMICS",2122.69,24.05,5.53,13.81,68.29
1006,RICE,11537.35,19.30,4.51,12.36,68.28
7605,ALUMINIUM WIRE,722.80,83.45,16.38,36.97,68.25
9401,"SEATS (OTHER THAN THOSE OF HEADING 9402), WHETHER OR NOT CONVERTIBLE INTO BEDS, AND PARTS THEREOF",345.37,31.52,7.09,5.27,68.05
8422,"DISH WASHING MACHINES; MACHINERY FOR      CLEANING OR DRYING BOTTLES OR OTHER       CONTAINERS; MACHINERY FOR FILLING, C",293.91,38.54,8.49,6.02,67.67
7318,"SCRWES,BOLTS,NUTS,COACHSCREWS,SCREW HOOKS RIVETS,COTTERS,COTTER",864.35,10.82,2.60,4.35,67.60
4203,"ARTICLES OF APPAREL AND CLOTHING          ACCESSORIES, OF LEATHER OR OF COMPOSITION LEATHER",782.96,10.42,2.51,3.94,67.28
2924,CRBOXYAMIDE,853.67,40.80,8.93,17.03,67.11
8472,"OTHER OFFICE MACHINES (FOR EXAMPLE,       HECTOGRAPH OR STENCIL DUPLICATING         MACHINES, ADDRESSING MACHINES, AUTOM",394.75,88.47,17.17,21.15,67.01
2008,"FRUITS NUTS AND OTHER EDIBLE PARTS OF       PLANTSOTHRWISE PREPD/PRSVD, W/N SWEETND N.E.S.",365.96,103.85,19.49,25.41,66.95
2208,"UNDNATRD ETHYL ALCHL WTH<80% ALCHL        STRNGTH;SPRTS ,LIQRS AND OTHR SPRTOUS BVRGS;COMPND ALCHL PRPN FOR MNUFCTRE OF",261.49,55.32,11.64,8.77,66.94
0908,"NUTMEG, MACE AND CARDAMOMS",480.21,104.55,19.59,48.01,66.82
6204,"WOMENS OR GIRLS SUITS, ENSEMBLES,       JACKETS, BLAZERS, DRESSES, SKIRTS, DIVIDED SKIRTS, TROUSERS, BIB AND BRACE OVE",3066.08,8.69,2.11,8.47,66.71
4202,"TRUNKS, SUIT",1591.18,6.30,1.54,6.59,66.54
3303,PERFUMES AND TOILET WATERS,285.48,112.34,20.71,19.17,66.38
8428,"OTHER LIFTING, HANDLING, LOADING OR       UNLOADING MACHINERY (FOR EXAMPLE, LIFTS,  ESCALATORS, CONVEYORS, TELEFERICS)",365.57,82.66,16.26,18.55,66.34
2935,SULPHONAMIDES,368.52,20.82,4.84,3.75,66.25
8702,PUBLIC,305.86,155.18,26.39,27.17,66.24
7326,OTHER ARTICLES OF IRON OR STEEL,1390.78,3.99,0.98,5.63,65.91
9022,OTHR APPLINCES OF 9021 BTA/GMAOR OTHR IONISING  RADITIONS INCL RADIOTHRPY APPRTS X,391.44,18.40,4.31,2.35,65.83
8207,INTRCHANGBL TOOLS FOR HND TOOLS W/N POWR  OPERATD OR FOR MACHIN TOOL(E.G.FOR PRESNG STAMPING ETC.)DIES FR DRILNG/BORNG T,365.00,23.58,5.43,5.46,65.68
8418,"RFRGRTRS,FRZRS AND OTHR RFRGRTNG/FRZNG      EQPMNT,ELCTRC/OTHR;HT PUMPS EXCL AIR      CONDTNG MCHNS OF HDG NO.8415",356.94,49.91,10.65,13.10,65.60
2937,"HORMONES, PROSTAGLANDINS, THROMBOXANES AND LEUKOTRIENES, NATURAL OR REPRODUCED BY   SYNTHESIS; DERIVATIVES AND STRCTRAL",328.97,26.87,6.13,5.64,65.49
2501,SALT (INCL TABLE SALT AND DENATRD SALT) AND   PURE SODIM CHLRDE W/N AQS SOLN SEA WTR,388.14,89.11,17.27,29.95,65.39
3824,"PRPD BNDRS FR FOUNDRY MOULDS/CORES,CHMCL  PRDCTS AND PRPNS,RESDUAL PRDCTS OF CHMCL    OR ALLIED INDUSTRIES N.E.S.",461.23,22.76,5.26,6.78,65.36
7616,OTHER ARTICLES OF ALUMINIUM,515.07,14.29,3.39,4.58,65.28
0712,"DRIED VEGETABLES, WHOLE, CUT, SLICED,     BROKEN OR IN POWDER, BUT NOT FURTHER      PREPARED",309.96,51.79,11.00,12.22,65.14
3923,ARTCLS FOR THE CNVYNCE/PCKNG OF GOODS     STOPRS LIDS CAPS AND OTHR CLSRS OF PLSTCS,1208.66,7.16,1.74,6.47,64.97
7411,COPPER TUBES AND PIPES,135.67,69.97,14.18,6.12,64.96
2939,ALKLDS NATRL/RPRDCD BY SYNTHSIS AND   THR SLTS ETHRS ESTRS AND OTHR DRVTVS,379.59,34.79,7.75,9.79,64.94
3822,"DIAG./LAB REAGNT ON A BCKNG,PRPRD DIAG./LAB REAGNTS WH/NOT ON BACKNG ,WHTR OR NT IN THE FORM OF  KIT EXCL HDNG 3006,",243.93,30.74,6.93,3.88,64.85
7404,COPPER WASTE AND SCRAP,318.46,155.38,26.41,45.30,64.83
2934,"MUCIEIC ACIDS AND THEIR SALTS W/N CHEMICALLYDEFINED , OTHER",887.71,24.93,5.72,13.01,64.79
8484,"GASKETS AND SMLR JOINTS OF MTL SHTNG CMBND  WTH OTHR MTRL;SETS/ASSRTMNTS OF GSKTS AND   SMLR JOINTS,PUT UP IN POUCHES,EN",194.75,45.06,9.75,6.15,64.50
7607,ALMNM FOIL(W/N PRNTD/BCKD WTH PAPR        PAPRBOARD,342.88,99.72,18.88,35.13,64.47
3307,SHAVING/PRE AND AFTER SHAVE PRPNS BATH PRPN DEPILATRS AND OTHR PERFMRY COSMTC/TOILT PRPNPRPN NES;PRPD ROOM DEODORISERS W,336.67,39.23,8.63,10.49,64.42
7222,"OTHER BARS AND RODS OF STAINLESS STEEL;   ANGLES, SHAPES AND SECTIONS OF STAINLESS  STEEL",1119.22,0.32,0.08,2.53,64.35
8518,"MCROPHONESANDSTNDS THRFR;LOUDSPKR,W/N MNTD  HEADPHONE,EARPHONE AND COMBND MCROPHONE/SPKRSETS;AUDIO FRQNCY AMPLFYR;SND AM",269.78,427.09,51.52,57.86,64.31
0910,"GINGER, SAFFRON, TURMERIC (CURCUMA),      THYME, BAY LEAVES, CURRY AND OTHER SPICES",722.52,33.59,7.51,16.29,64.31
1515,"OTHR FIXD VEGETABLE OR MICROBIAL FATS AND OILS(INCL JOJOBA OIL)AND THEIR FRCTNS,WHTHR OR NOT REFND,BUT NOT CHEMCLY MODFD",1270.07,7.99,1.94,8.02,64.14
5911,"TEXTILE PRODUCTS AND ARTICLES, FOR        TECHNICAL USES, SPECIFIED IN NOTE 8 TO    THIS CHAPTER",95.30,71.99,14.52,2.74,63.96
8402,STM/OTHR VAPR GNRTNG BOILRS(EXCL CNTRL    HTNG HOT WATER BOILRS CPBL ALSO OF PRDCNG LOW PRESSURE STEAM);SUPER,277.19,79.49,15.75,17.02,63.77
7224,OTHER ALLOY STEEL IN INGOTS OR OTHER      PRIMARY FORMS; SEMI,246.53,1468.53,99.01,168.47,63.39
0204,"MEAT OF SHEEP OR GOATS, FRESH, CHILLED OR FROZEN",103.13,72.05,14.53,4.81,63.35
2933,HETEROCYCLIC COMPOUNDS WITH NITROGEN,4363.38,13.72,3.27,15.84,63.23
8543,"ELCTRCL MCHNS AND APPRTS,HVNG INDIVIDUAL    FNCTNS N.E.S.IN THIS CHAPTER",278.14,88.93,17.24,22.15,63.16
7112,WSTANDSCRP OF PRECS MTL/MTL CLD WTH PRECS METL;WSTANDSCRP CONT PRECS MTL/MTL CMPND FR RCVRY PRECS MTL OTH THAN GOODS OF 8549,351.21,106.04,19.81,91.29,63.14
4811,"PAPR PAPRBORD CELULOSE WADING AND WEBS OF CELULOSE FIBRS COATD IMPRGNTD ETC OTHR THNHDNG 4803,4809,4810",306.47,36.59,8.11,9.97,63.13
8438,"MCHNRY,N.E.S.,FR INDSTRL PRPTN/MNFCTR OF  FOOD/DRNK,EXCL MCHNRY FR EXTRCTN/PRPRTN OFANML/FXD VGTBL FATS/OILS",264.69,54.92,11.56,12.96,63.11
7108,GOLD(INCL GOLD PLTD WTH PLTNM)UNWROUGHT   OR IN SEMI MNFCTRD FORMS/IN PWDR FORM,242.55,3793.81,149.80,938.34,62.96
0303,FISH FROZEN EXCLUDING FISH FILLETS AND      OTHER FISH MEAT OF HEADING NO 0304,621.06,41.62,9.09,22.96,62.93
1209,"SEEDS, FRUIT AND SPORES, OF A KIND USED   FOR SOWING",165.71,46.21,9.96,6.58,62.79
2815,SODIUM HYDROXIDE (CAUSTIC SODA); POTASSIUM HYDROXIDE (CAUSTIC POTASH); PEROXIDES OF SODIUM OR POTASSIUM,335.94,87.50,17.02,36.67,62.65
0307,"MOLUSCS W/N IN SHL ,LIVE,FRSH,CHLD,FRZN,DRIED,SLTD/INBRINE;SMKD MOLUSCS W/N IN SHL,W/N CKD BEFORE OR DURING SMKNG PROCSS",930.27,25.47,5.84,17.03,62.65
1508,GROUND,248.40,523.25,58.00,218.60,62.62
5515,OTHER WOVEN FABRICS OF SYNTHETIC STAPLE   FIBRES,415.35,16.70,3.94,6.45,62.46
0407,"BIRDS EGGS, IN SHELL, FRESH, PRESERVED OR COOKED",212.32,535.56,58.78,50.63,62.45
7203,"FERUS PRDCTS FROM DIRECT REDUCTN OF IRON  ORE AND OTHR SPNGY FERS PRDCTS IN LMPS,PLLTSETC; >=99.94% PURE IRON BY WT IN L",471.85,39.46,8.67,17.37,62.43
3925,"BUILDERS  WARE OF PLASTICS, NOT ELSEWHERE SPECIFIED OR INCLUDED",96.10,104.64,19.60,8.52,62.37
5007,WOVEN FABRICS OF SILK OR OF SILK WASTE,216.89,166.67,27.79,34.33,62.33
8477,"MCHNR FR WRKNG RUBBR/PLSTCS/FR THE MNFCTR OF PRDCTS FROM THESE MTRLS,N.E.S.",396.57,10.70,2.57,4.06,62.32
0501,"HUMAN HAIR, UNWORKED, WHETHER OR NOT      WASHED OR SCOURED; WASTE OF HUMAN HAIR",286.99,65.52,13.43,17.40,62.21
8807,"PARTS OF GOODS OF HEADING 8801,8802 OR 8806",1553.91,0.00,0.00,7.25,62.01
6106,"WOMENS OR GIRLS BLOUSES, SHIRTS AND     SHIRT",183.96,35.94,7.98,5.53,62.00
8482,BALL OR ROLLER BEARINGS,813.23,2.80,0.69,5.62,61.98
8307,FLXBL TUBNG OF BSE METL WTH/WTHOUT FTNGS,113.78,59.26,12.34,5.83,61.75
7325,OTHER CAST ARTICLES OF IRON OR STEEL,1249.84,-4.25,-1.08,4.71,61.74
1806,CHOCOLATE AND OTHER FOOD PREPARATIONS     CONTAINING COCOA,186.88,55.27,11.63,10.13,61.68
2941,ANTIBIOTICS,912.88,16.51,3.89,12.71,61.48
1207,"OTHER OIL SEEDS AND OLEAGINOUS FRUITS,    WHETHER OR NOT BROKEN",545.63,15.44,3.65,8.72,61.48
4009,"TUBES, PIPES AND HOSES, OF VULCANISED     RUBBER OTHER THAN HARD RUBBER, WITH OR    WITHOUT THEIR FITTINGS (FOR EXAMPLE,",275.57,23.67,5.45,6.32,61.27
6206,"WOMENS OR GIRLS BLOUSES, SHIRTS AND     SHIRT",1020.02,3.93,0.97,7.92,61.25
8525,"TRNSMISN APARATS FR RADIO,TELEPHNY ETC    W/N INCRPRTNG RECEPTION APPRTS/SOUND      RECORDING/REPRDCNG APPRTS;TV CAMERAS",214.34,181.12,29.49,42.11,61.23
2402,"CIGARS, CHEROOTS, CIGARILLOS AND          CIGARETTES, OF TOBACCO OR OF TOBACCO      SUBSTITUTES",123.23,43.34,9.42,4.31,61.21
8546,ELECTRICAL INSULATORS OF ANY MATERIAL,194.54,46.85,10.08,9.78,61.11
3801,ARTFCL GRPHT,214.99,292.01,40.71,109.43,61.02
5208,WOVN FBRCS OF COTON CONTNG>=85% BY WT OF  COTON WEGHNG NT MORE THN 200 G/M2,1246.89,-6.02,-1.54,5.00,60.97
2918,CRBOXYLC ACDS WTH ADDTNL OXYGN FNCTN      ANHYDRDS HALDS PEROXIDES AND PEROXYACSDS    THRHALGNTD SLPHNTD NITRTD/NITRSTD,707.50,13.08,3.12,9.79,60.95
8607,PRTS OF RLWAY/TRMWAY LCMTVS/ROLLNG,180.83,164.76,27.56,25.68,60.76
8426,"DERRICKS;CRNS,INCL CABLE CRNS;MOBL LFTNG  FRMS,STRDL CRRS AND WRKS TRCKS FTD WTH A CRN",119.21,45.42,9.81,5.26,60.73
0306,"CRSTCN, CRSTCN CKD BY STMNG/BLNG WTR, W/N SHL,LIVE,FRSH,CHLD,FRZN,DRD,SLTD/IN BRINE;SMKD CRSTCN,W/N SHL,W/N CKD IN SMKNG",5078.89,-4.49,-1.14,8.54,60.69
2713,PETROLM COKE PETROLM BITUMN AND OTHR RESDUS OF PETRLM OILS/OILS OBTND FRM BITMNS MNRLS,325.94,54.41,11.47,21.46,60.68
2942,OTHER ORGANIC COMPOUNDS,1244.85,-3.52,-0.89,6.09,60.56
6208,"WOMENS OR GIRLS SINGLETS AND OTHER      VESTS, SLIPS, PETTICOATS, BRIEFS, PANTIES, NIGHTDRESSES, PYJAMAS, NEGLIGES, BA",233.11,30.89,6.96,7.36,60.46
7317,"NAILS, TACKS, DRAWING PINS, CORRUGATED    NAILS,",112.47,41.65,9.09,3.34,60.31
3305,PREPARATIONS FOR USE ON THE HAIR,209.99,25.73,5.89,5.78,60.18
9014,DIRECTION FINDING COMPASSES; OTHER        NAVIGATIONAL INSTRUMENTS AND APPLIANCES,166.94,210.86,32.78,29.26,60.13
8487,"MACHINES PARTS, NOT CONTAINING ELECTRICAL CONNECTORS, INSULATORS, COILS, CONTACTS OR OTHER ELECTRICAL FEATURES, NOT SPEC",213.52,47.12,10.13,12.35,60.12
8424,MCHNCL APPLNCS (W/N HND,173.11,45.40,9.81,9.22,60.11
2827,"CHLRDES,CHLRDE OXIDES AND CHLRDE HYDROXIDES;BRMDES AND BRMDE OXDS;IODIDS AND IODIDE OXIDES",340.80,35.56,7.90,14.22,59.98
2825,"HYDRAZINE AND HYDROXYLAMINE AND THEIR     INORGANIC SALTS; OTHER INORGANIC BASES;   OTHER METAL OXIDES, HYDROXIDES AND P",141.06,287.41,40.30,25.34,59.96
6109,T,2369.47,-3.97,-1.01,8.77,59.84
5305,"COCONUT,ABACA,RAMIE AND OTHR VGTBL TXTL     FBRS N.E.S.OR INCLUDED,RAW OR PRCSSD,     TOW,NOILS AND WASTE OF THESE FIBRS",607.54,39.02,8.58,37.29,59.71
9405,LUMINAIRES AND LIGHTING FTTNGS INCL SEARCH LIGHT AND SPOTLIGHT ETC N.E.S.ILLUMINATD SIGN AND THE LIKE WTH PRMNANT LGHT SORC,315.56,16.46,3.88,6.36,59.68
2303,"RESDUS OF STRCH MNUFCTR AND SMLR RESDUS     BEETPULP,BAGASSE AND OTHR SUGR MNUFCTR WSTE     BRWNG/DSTLNG DRGS AND WSTE W",165.97,1900.79,111.50,87.90,59.55
6105,"MENS/BOYS SHIRTS,KNITTED/CROCHETED",699.57,8.12,1.97,9.17,59.42
9025,"HYDROMETERS AND SMLR FLOATING INSTRUMENTS,  THERMOMETERS,PYROMETERS ETC,RCORDNG/NT AND  ANY CMBNTN OF THESE INSTRMNTS",73.32,67.59,13.78,3.14,59.29
2905,"ACYCLIC ALCOHOLS AND THEIR HALOGENATED,   SULPHONATED, NITRATED OR NITROSATED       DERIVATIVES",515.11,12.65,3.02,9.50,59.24
3006,MISCELLANEOUS PHARMACEUTICAL GOODS,284.65,19.46,4.54,7.02,59.06
3206,OTHR COLOURNG MATTER INORGANIC PRDCT OF   KIND USED AS LUMINPHORS W/N DFND CHMCLLY,276.26,15.65,3.70,5.27,58.97
3823,INDSTRL MONOCARBOXYLC FATY ACIDS ACID OILSFROM REFINING INDUSTRIAL FATTY ALCOHOL,470.00,38.78,8.54,29.78,58.93
6802,WRKD MONMNT/BLDG STONE (EXCPT SLATE)ETC   EXCPT HDG 6801 MOSAIC CUBES ARTFCLY COLRD GRNLS ETC OF NATRL STONE (INCL SLATE,1170.11,-10.23,-2.66,5.11,58.88
1605,"CRUSTACEANS, MOLLUSCS AND OTHER AQUATIC   INVERTEBRATES, PREPARED OR PRESERVED",714.91,1.73,0.43,6.93,58.87
8528,"RECEPTION APARATUS,WH/NOT INCORPRTNG RADIOBRODCST RECIVRS/SOUND/VIDEO RCORDNG/      REPRODUCING APARATUS,VIDEO MONITORS",203.04,161.64,27.18,81.91,58.84
8467,"TOOLS FOR WORKING IN THE HAND, PNEUMATIC, HYDRAULIC OR WITH SELF",244.82,30.40,6.86,9.74,58.80
6211,"TRCK SUITS,SKI SUITS AND SWMWEAR,OTHR GRMNTS",958.34,-2.41,-0.61,6.64,58.79
8480,"MOULDING BOXES FOR METAL FOUNDRY; MOULD   BASES; MOULDING PATTERNS; MOULDS FOR METAL (OTHER THAN INGOT MOULDS), METAL CA",240.32,26.20,5.99,8.02,58.78
3603,SAFETY FUSES; DETONATING CORDS; PERCUSSION OR DETONATING CAPS; IGNITERS; ELECTRIC  DETONATORS,112.43,174.70,28.74,17.04,58.77
8502,ELECTRIC GENERATING SETS AND ROTARY       CONVERTERS,751.44,7.10,1.73,10.05,58.71
6205,MENS OR BOYS SHIRTS,951.66,13.77,3.28,15.44,58.66
2712,"PETRLM JELLY,PRAFFIN WAX,MICR",135.86,35.85,7.96,5.93,58.63
0201,"MEAT OF BOVINE ANIMALS, FRESH AND CHILLED",141.55,99.14,18.79,17.39,58.61
8466,"PRTS AND ACCSSRS SUITBL FR USE WTH MCHNS OF HDG NOS8456 TO 8465,INCL WRK/TOOL  HOLDRS,SLF",259.06,11.70,2.80,3.10,58.43
8705,"SPCL PURPOSE MOTOR VHCLS(E.G.BRKDOWN      LORRIES,CRANE LORRIES,FIRE",192.25,235.72,35.36,107.41,58.39
3208,"PAINT VARNSHS (INCL ENML AND LACQR) BSD ON  SYNTIC PLYMR/CHMLY MDFD NATRL PLYMR,DSPRS OR DSLVD NON ACEUS MDUM SLTN IN VO",105.99,38.62,8.51,3.80,58.39
6203,"MENS OR BOYS SUITS,ENSEMBLES,JACKETS BLAZERS,TROUSERS,BIB AND BRACE OVERALLS BREECHES AND SHORTS(OTHER THAN SWIMWEAR)",1112.67,-2.04,-0.52,7.89,58.38
0711,VEGTABLS PROVISIONALLY PRESERVED BUT  UNSUITABLE IN THAT STATE FOR IMMEDIATE CONSUMPTION,121.50,49.33,10.54,8.08,58.11
6305,"SACKS AND BAGS, OF A KIND USED FOR THE    PACKING OF GOODS",1287.58,4.52,1.11,13.04,58.04
5407,WOVN FBRCS OF SYNTHTC FILAMENT YARN INCL  WOVN FBRCS OBTND FROM MTRLS OF HDG NO.5404,873.54,-2.79,-0.70,6.66,57.84
8516,ELCTRC WTR AND IMRSN HTR ; ELCTRC SPACES AND  HTNG APRTS;ELCTRO THRMIC HAIR DRSSNG APRTSANDHND DRYRS;SMLR ELCTRC APLNCS,145.92,36.54,8.10,7.15,57.82
8430,"OTHR MOVNG,GRDNG,LEVLNG,SCRPNG,EXCVTNG,   TMPNG,CMPCTNG,EXTRCTNG/BORNG MCHNRY,FR    EARTH,MNRLS/ORES;PILE",286.80,78.01,15.51,90.03,57.82
1106,"FLOUR, MEAL AND POWDER OF THE DRIED       LEGUMINOUS VEGETABLES OF HEADING 0713, OF SAGO OR OF ROOTS OR TUBERS",193.59,87.00,16.94,24.61,57.74
0904,PEPPER OF THE GENUS PIPER; DRIED OR       CRUSHED OR GROUND FRUITS OF THE GENUS     CAPSICUM OR OF THE GENUS PIMENTA PEP,1233.65,2.08,0.52,11.39,57.51
8507,"ELCTRC ACCUMLTRS,INCL SEPARATORS          THEREFOR W/N RECTANGULAR(INCL SQ)",713.51,12.67,3.03,13.79,57.45
3301,"ESNL OLS (CNCRTS/ABSLTS);RSNDS,EXTRTD     OLORGN,CNCNTRTS IN FATS ETC;TRPNC BY",898.82,-13.23,-3.49,4.29,57.41
1211,"PLNTS AND PRTS OF PLNTS INCLD SEDS AND FRUTS USD FOR PRFUMRY PHRMACY/INSCTCIDL OR SMLR PUR FRSH/DRID, CHLD/FROZ W/N CUT CRSHD",464.38,9.70,2.34,9.64,57.20
5309,WOVEN FABRICS OF FLAX,99.41,96.71,18.43,13.30,57.19
0709,"OTHER VEGETABLES, FRESH OR CHILLED",181.16,22.84,5.28,5.89,56.90
7311,"CONTAINERS FOR COMPRESSED OR LIQUEFIED    GAS, OF IRON OR STEEL",174.06,37.47,8.28,10.05,56.84
6703,"HUMN HAIR DRSSD THNND BLEACHD/OTHRWS WORKDWOOL/OTHR ANML HAIR/OTHR TXTL MATRLS,     FOR MAKNG WIGS/THE LIKE",651.76,9.42,2.28,12.03,56.75
7306,"OTHER TUBES, PIPES AND HOLLOW PROFILES (  FOR EXAMPLE, OPEN SEAM OR WELDED, RIVETED OR SIMILARLY CLOSED), OF IRON OR STE",771.59,-8.86,-2.29,5.61,56.74
2508,OTHR CLAYS (EXCLDNG HDNG NO 6806) ANDLSTE KYANITE AND SILLIMANITE W/N CALCIND MULLITE CHAMOTTE OR DINAS EARTHS,164.56,69.39,14.08,17.12,56.66
7019,"GLSS FBRS(INCL GLSS WOOL) AND ARTCL THEROF  (E.G. YARN,ROVINGS, WOVN FBRCS)",204.04,19.86,4.63,6.36,56.46
8311,"WIRE,RODS,ELCTRDS ETC OF BS MTL/MTL CRBIDSCOATD/CORED WTH FLX MTRL FR SLDRNG BRAZNG ETC OF MTL/MTL CRBDS WIRE ETC FR MTL",88.08,84.95,16.62,10.85,55.99
8427,FORK,142.99,254.43,37.21,110.27,55.87
8609,CONTAINERS (INCLUDING CONTAINERS FOR THE  TRANSPORT OF FLUIDS) SPECIALLY DESIGNED   AND EQUIPPED FOR CARRIAGE BY ONE OR,134.32,189.70,30.46,46.70,55.87
3601,PROPELLANT POWDERS,124.31,485414.09,734.74,1328.16,55.83
8704,MOTOR VEHICLES FOR THE TRANSPORT OF GOODS,1544.45,5.17,1.27,18.10,55.81
2708,"PITCH AND PITCH COKE, OBTAINED FROM COAL  TAR OR FROM OTHER MINERAL TARS",127.84,1244.51,91.49,326.94,55.78
3001,"GLANDS AND OTHER ORGANS FOR               ORGANOTHERAPEUTIC USES, DRIED,WHETHER OR  NOT POWDERED; EXTRACTS OF GLANDS OR",236.63,83.49,16.39,148.46,55.71
8706,"CHASSIS FITTED WITH ENGINES, FOR THE MOTOR VEHICLES OF HEADINGS 8701 TO 8705",319.34,20.98,4.88,12.51,55.70
3404,ARTIFICIAL WAXES AND PREPARED WAXES,88.54,35.21,7.83,1.47,55.60
2841,SALTS OF OXOMETALLIC OR PEROXOMETALLIC    ACIDS,88.08,41.88,9.14,5.78,55.50
1512,"SUNFLOWER SEED, SAFFLOWER OR COTTON SEED  OIL AND THEIR FRACTIONS THEREOF, WHETHER  OR NOT REFINED, BUT NOT CHEMICALLY M",116.54,746.90,70.59,71.60,55.46
2903,HALOGENATED DERIVATIVES OF HYDROCARBONS,459.14,32.55,7.30,36.20,55.43
7409,"COPPER PLATES, SHEETS AND STRIP, OF A     THICKNESS EXCEEDING 0.12.5 MM",136.46,64.53,13.26,15.72,55.25
8602,OTHER RAIL LOCOMOTIVES; LOCOMOTIVE TENDERS,127.66,552.21,59.81,663.78,55.16
8101,"TUNGSTEN (WOLFRAM) AND ARTICLES THEREOF,  INCLUDING WASTE AND SCRAP",127.74,266.41,38.35,75.02,54.94
3304,PRPNS FOR BEAUTY/MAKE UP FOR CARE OF SKN  (EXCPTNG MEDICAMNTS) INCLDG SUN SCREEN OR SUN TAN PEDICURE/MANICURE,295.69,49.88,10.65,70.35,54.89
1804,"COCOA BUTTER, FAT AND OIL",122.62,284.26,40.01,60.57,54.87
8512,ELECRCL LIGTNG/SIGNALLING EQPMNT          (EXCL ARTCLS OF HD NO.8539)WIND SCRN ETC  USED FOR CYCLES/MOTOR VEHICLES,300.25,23.07,5.33,13.99,54.75
6403,"FTWEAR WTH OUTR SOLES OF RUBR,PLSTCS,     LTHR/CMPSTN LTHR AND UPPRS OF LTHR",1694.07,-5.95,-1.52,12.70,54.69
3826,"BIODIESEL AND MIXTURE, NT CONT OR CONTAIN < 70 % BY WEIGHT OF PETROLEUM OILS OR OILS OBTAINED FROM",116.81,1439.64,98.09,9602.98,54.54
9027,"INSTRUMENTS AND APPARATUS FOR PHYSICAL OR CHEMICAL ANALYSIS (FOR EXAMPLE,           POLARIMETERS, REFRACTOMETERS, SPECTR",208.59,65.51,13.42,37.28,54.43
1904,PRPD FOODS OBTND BY SWLNG/ROSTNG OF CRLS  PRDCTS (CORN FLKS) CRLS INTHE FORMOF GRAINFLKS ETC.EVCL.MAZEPRE COOKD/OTHRWSE,93.70,79.66,15.78,13.71,54.43
7206,IRON AND NON,175.60,73.50,14.77,31.18,54.39
3917,"TUBES, PIPES AND HOSES, AND FITTINGS      THEREFOR (FOR EXAMPLE, JOINTS, ELBOWS,    FLANGES), OF PLASTICS",313.43,8.36,2.03,8.05,54.19
2607,LEAD ORES AND CONCENTRATES,105.60,493296.23,738.11,248826.72,53.96
0710,"VEG COOKED OR NOT BY STMNG/BOILNG,FRZN",99.13,87.35,16.99,16.88,53.95
0405,BUTTER AND OTHER FATS AND OILS DERIVED    FROM MILK; DAIRY SPREADS,285.87,45.21,9.77,56.89,53.93
2829,CHLORATES AND PERCHLORATES; BROMATES AND  PERBROMATES; IODATES AND PERIODATES,75.15,109.24,20.27,14.42,53.77
7202,FERRO,2889.81,-20.53,-5.58,9.95,53.74
8302,"BASE METAL MOUNTINGS, FITTINGS AND SIMILAR ARTICLES SUITABLE FOR FURNITURE, DOORS,  STAIRCASES, WINDOWS, BLINDS, COACHWO",453.47,1.88,0.47,8.55,53.65
6302,"BED LINEN, TABLE LINEN, TOILET LINEN AND  KITCHEN LINEN",2006.64,-14.14,-3.74,11.77,53.63
7304,"TUBES, PIPES AND HOLLOW PROFILES,         SEAMLESS, OF IRON (OTHER THAN CAST IRON)  OR STEEL",530.31,23.80,5.48,41.97,53.49
9001,"OPTCL FIBR AND OPTCL FIBR BUNDLS ETC;SHTS AND PLTS OF POLRSNG MTRL;LNSS;PRSMS,MIRRORS   AND OTHR OPTCL ELMNTS OF ANY MTR",733.35,17.40,4.09,36.63,53.42
1504,"FATS AND OILS AND THEIR FRACTIONS, OF FISH OR MARINE MAMMALS, WHETHER OR NOT        REFINED, BUT NOT CHEMICALLY MODIFIED",100.49,3564.28,146.04,1871.95,53.35
3920,"OTHER PLATES, SHEETS, FILM, FOIL AND      STRIP, OF PLASTICS, NON",1274.60,-11.36,-2.97,10.42,53.31
1202,GROUND,690.93,9.80,2.36,17.48,53.26
6111,"BABIES GARMENTS AND CLOTHING ACCESSORIES, KNITTED OR CROCHETED",971.03,-7.17,-1.84,10.50,53.26
9701,"PNTG DRNG AND PASTEL BY HAND,EXCL DRNG OF HDG 4906 AND EXCL HNDPRNT/HND DCRT  MNFTD  ARTCL COLLAGE, MOSAIC AND SMLR DCOR",134.74,121.07,21.94,91.77,53.26
0806,"GRAPES, FRESH OR DRIED",397.51,20.04,4.67,19.35,53.08
8707,"BODIES (INCLUDING CABS), FOR THE MOTOR    VEHICLES OF HEADINGS 8701 TO 8705",54.76,122.03,22.07,10.92,52.97
5703,"CARPETS AND OTHER TEXTILE FLOOR COVERINGS(INCLUDING TURF), TUFTED, WHETHER OR NOT MADE UP",756.78,1.03,0.26,13.13,52.96
9030,"OSCLSCPS AND OTHR INSTRMNTS AND APRTS FR MSRNGCHKNG ELCTRCL QUNTTS,INSTRMNTS AND APRTS FR MSRNG/DTCTNG ALPHA,BTA,GMA,X",205.14,26.92,6.14,12.73,52.91
8457,"MACHINING CENTRES, UNIT CONSTRUCTION      MACHINES (SINGLE STATION) AND MULTI",93.80,344.48,45.20,53.57,52.84
6304,"OTHER FURNISHING ARTICLES, EXCLUDING THOSE OF HEADING 9404",1751.61,-20.11,-5.46,10.31,52.72
0909,"SEEDS OF ANISE, BADIAN, FENNEL, CORIANDER, CUMIN OR CARAWAY; JUNIPER BERRIES",651.57,13.57,3.23,23.99,52.46
7102,"DIAMONDS, WHETHER OR NOT WORKED, BUT NOT  MOUNTED OR SET",12444.30,-51.01,-16.34,6.98,52.42
0409,NATURAL HONEY,207.97,26.99,6.16,14.09,52.28
8417,"INDUSTRIAL OR LABORATORY FURNACES AND     OVENS, INCLUDING INCINERATORS, NON",84.94,98.02,18.63,17.32,52.20
3506,PRPD GLUES AND OTHR PRPD ADHSVS NES/INCLDD  PRDCTS FOR USE AS GLUES/ADHSVS PUT UP FOR RETL SALE AS GLUES/ADHSVS NT EXCDN,125.38,28.59,6.49,8.42,52.15
3921,"OTHER PLATES, SHEETS, FILM, FOIL AND      STRIP, OF PLASTICS",411.77,1.66,0.41,9.59,52.11
5608,KNOTD NTNG OF TWNE CORDGE/ROPE;MDE UP     FSHNG NETSAND OTR MDE UP NETS OF TXTL MATRLS,101.80,28.97,6.57,6.50,52.07
8433,"HRVSTNG/THRSHNG MCHNRY INCL STRAW/FODR    BLRS;GRASS MOWRS;MCHNS FR CLNG,SRTNG EGGS,FRUIT/OTHR SMLR PRDC EXCL MCHNRY OF",113.31,24.02,5.53,6.21,52.01
3926,OTHER ARTICLES OF PLASTICS AND ARTICLES OF OTHER MATERIALS OF HEADINGS 3901 TO 3914,824.72,-7.90,-2.04,10.31,51.99
4010,CNVYR TRNSMSSN BLTS/BLTNG OF VULCNSD RUBR,200.85,16.60,3.91,8.72,51.84
3808,"INSCTCDS,RDNTCDS,FNGCDS,HRBCDS,ANTSPROUTNGPRDCTS AND PLNTGRWTH RGLTRS",3870.78,-20.90,-5.69,11.96,51.83
8515,"ELCTR(INCL ELCTACLLY HTD GAS)LASER/OTHR   LIGHT/PHOTON BEAM ETC,BRZNG/SLDRNG MCHNS  ETC FR HOT SPRYNG OF MTLS/CERMETS",84.34,41.80,9.12,8.54,51.67
6108,"WOMENS OR GIRLS SLIPS, PETTICOATS,      BRIEFS, PANTIES, NIGHT DRESSES, PYJAMAS,  NEGLIGEES, BATHROBES, DRESSING GOWNS",623.79,-0.63,-0.16,11.80,51.66
0408,"BIRDS EGGS, NOT IN SHELL, AND EGG YOLKS,  FRESH, DRIED, COOKED BY STEAMING OR BY    BOILING IN WATER, MOULDED, FROZEN OR",90.69,197.84,31.37,43.87,51.37
0406,CHEESE AND CURD,61.42,65.23,13.38,8.38,51.28
2938,"GLYCOSIDES, NATURAL OR REPRODUCED BY      SYNTHESIS AND THEIR SALTS, ETHERS, ESTERS AND OTHER DERIVATIVES",77.43,103.08,19.38,18.11,51.27
3401,SOAPFORGNC SRFCE,159.02,16.40,3.87,6.93,51.23
3924,"TABLEWARE, KITCHENWARE, OTHER HOUSEHOLD   ARTICLES AND TOILET ARTICLES, OF PLASTICS",250.27,1.89,0.47,5.90,51.18
9403,OTHER FURNITURE AND PARTS THEREOF,1110.18,-21.78,-5.96,8.02,51.18
8412,OTHER ENGINES AND MOTORS,720.52,8.64,2.09,24.34,51.15
3909,AMINO,210.17,9.86,2.38,7.41,51.12
8455,METAL,202.57,10.79,2.59,7.78,50.96
7601,UNWROUGHT ALUMINIUM,4277.11,-48.70,-15.37,8.22,50.87
5601,"WADDING OF TEXTILE MATERIALS AND ARTICLES THEREOF; TEXTILE FIBRES, NOT EXCEEDING 5MM IN LENG (FLOCK), TEXTILE DUST A MIL NEPS",94.11,65.94,13.50,16.87,50.87
8701,TRACTORS (OTHER THAN TRACTORS OF HEADING  8709),1269.51,-8.09,-2.09,14.44,50.74
2914,"KTNS AND QUINONES,W/N WTH OTHR OXYGN FNCTN, THR HALGNTD SLPHNTD NITRTD/NITRSTD DRVTVS",564.40,-7.51,-1.93,9.73,50.68
8529,PRTS SUITBL FR USE SOLELY/PRNCPLLY        WTH APPRTS OF HDGS NOS 8525 TO 8528,269.06,16.91,3.98,14.16,50.55
8209,"PLTES STIKS TIPS AND LIKE FOR TLS,UNMOUNTD  OF CERMETS",107.59,24.37,5.60,7.08,50.54
2833,SULPHATES; ALUMS; PEROXOSULPHATES (       PERSULPHATES),161.76,16.47,3.88,7.80,50.53
8534,PRINTED CIRCUITS,175.39,36.19,8.03,17.40,50.50
3507,ENZYMES; PREPARED ENZYMES NOT ELSEWHERE   SPECIFIED OR INCLUDED,108.65,54.14,11.42,17.10,50.21
0206,"EDBL OFFAL OF BOVINE ANMLS,SWINE,SHEEP,   GOAT,HORSE,ASS,MULE/HINNI,FRSH,CHLD/FRZN",344.53,15.81,3.74,17.78,50.12
9506,"ARTCLS AND EQPMNT FR GYMNSTCS,ATHLTCS,OTHR  SPORTS(INCL TABLETENNIS)/OUTDOOR GAMES,   N.E.S.;SWIMMING POOLS AND PADDLING",201.87,2.16,0.54,4.66,49.92
6107,"MENS/BOYS  UNDERPANTS,BRIEFS,NIGHTSHIRTS, PYJAMAS,BATHROBES ETC,KNTTD/CRCHTD",720.08,-0.11,-0.03,16.23,49.77
6402,OTHER FOOTWEAR WITH OUTER SOLES AND UPPERS OF RUBBER OR PLASTICS,245.24,25.58,5.86,20.90,49.72
6214,"SHWLS,SCRVS,MUFLRS,MNTLS,VELS AND THE LIKE",312.50,6.05,1.48,11.83,49.48
5801,"WOVEN PILE FABRICS AND CHENILLE FABRICS,  OTHER THAN FABRICS OF HEADING 5802 OR 5806",62.02,42.65,9.29,6.94,49.36
3103,"MINERAL OR CHEMICAL FERTILISERS,          PHOSPHATIC",71.96,2329.02,122.00,105.48,49.28
1105,"FLOUR, MEAL, POWDER, FLAKES, GRANULES AND PELLETS OF POTATOES",73.49,518.79,57.72,69.08,49.21
2202,"WTRS,INCL MNRL WTRS,ARTD WTRS,CNTNG ADDED SUGAR/SWTNG MTR/FLVRD,OTHR NON ALCHLC BVRG NT INCL FRUIT,NUT/VEG JUICE OF 2009",86.70,89.63,17.35,26.83,49.16
7407,"COPPER BARS, RODS AND PROFILES",85.45,93.22,17.90,28.46,49.04
1518,"ANML,VEG/MICROB FAT,OIL,FRCN EXCL1516;INEDIBLE MXTR/PRPN_ANML,VEG/MICROB FAT/OIL/FRCTN OF DIFF FAT/OIL,NT ELS WHR SPECFD",64.00,199.40,31.54,25.55,48.87
5702,"CRPTS AND OTHR TXTL FLR CVRNGS,WVN NOT      TUFTED/FLOCKED,W/N MADE UP,INCL KELEM SCHUMACKS,KARA",694.35,-11.80,-3.09,10.92,48.75
3204,SYNTC ORGNC COLRNG MATR W/N CHMCLY DFND,2188.11,-28.86,-8.16,12.23,48.75
7323,"TABLE KITCHN OR OTHR DOMESTIC ARTCLS AND    ITSPARTS OF IRN/STL;IRN OR STL WOOL;      SCOURERS OR POLISHNG PADS,GLOVS AN",528.08,-21.57,-5.89,6.47,48.69
3816,REFRACTORY CEMENTS,76.38,25.29,5.80,5.57,48.65
1901,"MALT EXTRACT; FOOD PREPARATIONS OF FLOUR, GROATS, MEAL, STARCH OR MALT EXTRACT, NOT CONTAINING COCOA OR CONTAINING LESS",136.41,5.31,1.30,3.85,48.62
6104,"WOMENS OR GIRLS SUITS, ENSEMBLES,       JACKETS, BLAZERS, DRESSES, SKIRTS, DIVIDED SKIRTS, TROUSERS, BIB AND BRACE OVE",619.77,-10.48,-2.73,10.65,48.59
3306,"PRPARTN FR ORL/DNTL HYGN,DNTUR FIXATV     PST/PWDR AND DNTL FLOS IN INDVDL PACKGS.",91.14,22.64,5.24,6.46,48.36
8531,ELCTRC SOUND/VISUAL SIGNLLNG APPRTS(E.G.  BELLS SIRENS ETC.)OTHR THN THOSE OF       HDG NO.8512/8530,82.16,48.72,10.43,13.95,48.33
3205,COLR LAKES,82.86,40.07,8.79,11.16,48.32
9406,PREFABRICATED BUILDINGS,94.93,58.79,12.26,20.84,48.03
3904,"POLYMERS OF VINYL CHLORIDE OR OF OTHER    HALOGENATED OLEFINS, IN PRIMARY FORMS",278.97,4.89,1.20,11.17,47.95
9505,"FESTIVE, CARNIVAL OR OTHER ENTERTAINMENT  ARTICLES, INCLUDING CONJURING TRICKS AND  NOVELTY JOKES",137.03,16.81,3.96,9.42,47.91
3403,LUBRCTNG PRPNS AND PRPNS FR THE TRTMNT OF   TXTL MATRLS LETHR FURSKNS/OTHR MATRLS NT  CNTNG 70% MORE BY WT PETROLM OIL E,67.22,85.74,16.74,17.11,47.84
8410,"HYDRAULIC TURBINES, WATER WHEELS,         ANDREGULATORS THEREFOR",68.16,67.81,13.82,14.41,47.83
0801,"COCONUTS, BRAZIL NUTS AND CASHEW NUTS,    FRESH OR DRIED, WHETHER OR NOT SHELLED OR PEELED",505.29,-3.48,-0.88,13.68,47.83
7303,"TUBES, PIPES AND HOLLOW PROFILES, OF CAST IRON",198.83,23.96,5.52,17.40,47.82
2912,"ALDHYDS,W/N WTH OTHR OXYGN FNCTN;CYCLIC   POLYMERS OF ALDEHYDES;PARAFORMALDEHYDE",203.05,13.62,3.24,11.98,47.81
6406,"PRTS OF FTWEAR RMVBL IN SOLES,HEEL CUSHNS AND SMLR ARTCLS;GAITRS LEGGINGS AND SMLR      ARTICLES, AND PRTS THEREOF",271.61,0.72,0.18,8.97,47.53
3914,"ION EXCHANGERS BASED ON POLYMERS OF       HEADINGS 3901 TO 3913, IN PRIMARY FORMS",93.17,21.71,5.03,7.24,47.53
1902,"PASTA, WHETHER OR NOT COOKED OR STUFFED ( WITH MEAT OR OTHER SUBSTANCES) OR         OTHERWISE PREPARED, SUCH AS SPAGHETT",62.95,113.49,20.88,22.84,47.47
7312,"STRANDED WIRE, ROPES, CABLES, PLAITED     BANDS, SLINGS AND THE LIKE, OF IRON OR    STEEL, NOT ELECTRICALLY",179.06,14.42,3.43,10.97,47.30
1604,PREPARED OR PRESERVED FISH; CAVIAR AND    CAVIAR SUBSTITUTES PREPARED FROM FISH EGGS,92.46,38.86,8.55,14.09,47.19
9503,OTHR TOYS;RDCD,200.89,13.47,3.21,12.05,47.14
8450,HOUSEHOLD OR LAUNDRY,104.46,40.49,8.87,16.94,47.10
3504,"PEPTONES AND THEIR DERIVATIVES; OTHER     PROTEIN SUBSTANCES AND THEIR DERIVATIVES, NOT ELSEWHERE SPECIFIED OR INCLUDED;",50.33,126.46,22.67,17.94,47.10
2304,OIL,581.41,5.25,1.29,33.81,46.90
7104,"SYNTHETIC OR RECONSTRUCTED PRECIOUS OR    SEMIPRECIOUS STONES, WHETHER OR NOT WORKED OR GRADED BUT NOT STRUNG, MOUNTED O",1227.98,-14.90,-3.95,17.25,46.89
1008,"BUCKWHEAT, MILLET AND CANARY SEED; OTHER  CEREALS",67.20,47.15,10.14,11.91,46.79
6110,"JERSEYS, PULLOVERS, CARDIGANS, WAISTCOATS AND SIMILAR ARTICLES, KNITTED OR CROCHETED",430.21,-1.05,-0.26,14.27,46.59
7412,"COPR TUBE/PIPE FITNG(CUPLNGS,ELBOWS,SLEVS)",78.21,34.72,7.74,10.21,46.57
8432,"AGRCLTRL,HRTCLTRL/FRSTRY MCHNRY FR SOIL   PRPRTION/CLTVTN;LAWN/SPRTS",235.20,4.97,1.22,10.68,46.49
6301,BLANKETS AND TRAVELLING RUGS,214.48,1.43,0.35,8.25,46.41
8462,MCHN,72.01,88.68,17.20,26.32,46.38
3815,"REACTION INITIATORS, REACTION ACCELERATORS AND CATAL PREPARATIONS, NOT ELSEWHERE    SPECIFIED OR INCLUDED",200.29,4.82,1.18,8.94,46.35
2909,"ETHER PEROXIDES, ACETAL, HEMIACETAL PEROXIDES (W/N CHMCLY DFND)THR HALGNTD SLPHNTD  NITRATED/NITROSATED DRVTVS",584.22,-10.05,-2.61,13.71,46.26
8105,"COBLT MATTS AND OTHR INTRMDT PRDCTS OF COBLTMETTLRGY,COBLT AND ARTCLS INCL WSTE AND SCRP",63.51,430.95,51.80,124.23,46.26
2845,"ISOTOPES OTHER THAN THOSE OF HEADING 2844; COMPOUNDS, INORGANIC OR ORGANIC, OF SUCH ISOTOPES, WHETHER OR NOT CHEMICALLY",57.62,6998.32,190.26,737.29,46.25
0304,"FISH FILLETS AND OTHER FISH MEAT (WHETHER OR NOT MINCED), FRESH, CHILLED OR FROZEN",296.20,3.28,0.81,13.64,46.23
6910,CERMC SINKS WASH BASINS AND SMLR SNTRY FXTRS,177.92,1.01,0.25,6.10,46.14
2710,PETROLEUM OILSAND OILS OBTND FRM BITMNS     MNRLOTHER THAN CRUDE PRPN NES;CNTNG70% OR MOREBY WEIGHT OF THESE OILS,52973.29,-20.57,-5.59,27.53,46.09
9608,BALL POINT PENS; FELT TIPPED AND OTHER    POROUS,217.78,10.24,2.47,13.96,46.08
4012,"RETREADED OR USED PNEUMATIC TYRES OF      RUBBER, SOLID OR CUSHION TYRES, TYRE      TREADS AND TYRE FLAPS, OF RUBBER",81.24,18.56,4.35,6.07,45.96
2701,COAL BRIQUETTES OVOIDS AND SIMILAR          SOLID FUELS MANUFACTURED FROM COAL,178.32,19.02,4.45,15.13,45.94
3003,MEDICAMENTS (EXCL GOODS HDG NO 3002 3005  OR 3006) CNSISTNC OF TWO/MORE CONSTUNTS   MXD TOGETHER FOR HMN MEDCNE NT FR RT,360.30,-14.98,-3.98,8.39,45.85
2915,"SATRTD ACYLC MONOCRBOXYLIC ACIDS AND THR    ANHYDRTDS,HALIDS,PEROXIDS AND PEROXY ACIDS; THR HALGNTD SLPHNTD NITRTD/NITRS",687.99,-21.29,-5.81,10.84,45.82
8301,"PDLCKS LOCKS(KEY ETC) OF BASE MTL;CLSPS AND FRMS WTH CLSPS,INCRPRTNG LCKS,OF BASE     MTL;KEYS FOR FRGNG ARTCLS OF BASE",130.54,5.25,1.29,6.07,45.70
5701,"CARPETS AND OTHER TEXTILE FLOOR COVERINGS, KNOTTED, WHETHER OR NOT MADE UP",275.89,-6.49,-1.66,8.04,45.64
8802,"OTHR AIRCRAFT EXCEPT UNMANNED AIRCRAFT OF 8806(eg HELICOPTER, AEROPLANE)SPACECRAFT (INCL SATELLITE) AND SUBORBITAL AND SPACE",75.00,130.23,23.18,546.91,45.57
2529,FELSPAR LEUCITE NEPHELINE AND NEPHELINE     SYENITE FLUORSPAR,72.73,27.85,6.33,7.98,45.45
2922,OXYGEN,707.88,-19.21,-5.19,12.91,45.43
6307,"OTHER MADE UP ARTICLES, INCLUDING DRESS   PATTERNS",461.95,-2.78,-0.70,16.44,45.30
9602,"WRKD VGTBL/MNRL CRVNG MTRL AND ARTCLS OF    THESE MTRLS;CRVD ARTCLS OF WAX,OF STEARN, OF NTRL GUMSETC;N.E.S;WRKD UNHRDND",157.35,3.03,0.75,6.96,44.98
2916,"UNSATURATED ACYCLIC MONOCARBOXYLIC ACIDS, CYCLIC MONOCARBOXYLIC ACIDS, THEIR        ANHYDRIDES, HALIDES, PEROXIDES AND P",362.72,-5.35,-1.37,12.47,44.90
2503,"SULPHUR OF ALL KINDS, OTHER THAN SUBLIMED SULPHUR, PRECIPITATED SULPHUR AND         COLLODIAL SULPHUR",329.36,16.98,4.00,94.40,44.83
0813,"FRUIT, DRIED, OTHER THAN THAT OF HEADINGS 0801 TO 0806; MIXTURES OF NUTS OR DRIED   FRUITS OF THIS CHAPTER",66.07,90.70,17.51,36.31,44.41
8716,TRAILERS AND SEMI,207.77,13.39,3.19,17.01,44.32
7419,OTHER ARTICLES OF COPPER,287.59,-16.19,-4.32,7.13,44.27
8547,INSLTNG FTTNGS FR ELCTRCL MCHNS ETC.      ELECTRCL CONDUIT TUBING AND JOINTS THEROF   OFBSE MTL LINED WTH INSLTNG MATRL,71.57,23.60,5.44,7.17,44.12
8904,TUGS AND PUSHER CRAFT,247.19,17.69,4.16,34.52,44.12
7602,ALUMINIUM WASTE AND SCRAP,53.80,150.79,25.84,41.61,44.09
2917,"PLYCRBOXYLC ACDS,THR ANHYDRDS,HALIDES,    PEROXIDES ANDPEROXYACDS,OTHR HALGNTD SLPHNTDNITRATED OR NITROSATED DERIVATIVES",308.95,-14.47,-3.83,8.84,43.98
5509,"YARN(OTHR THN SWNG THREAD)OF SYNTHTC      STAPLE FIBRES,NOT PUT UP FOR RETAIL SALE",427.12,-33.55,-9.71,7.19,43.93
2507,"KAOLIN AND OTHER KAOLINIC CLAYS, WHETHER  OR NOT CALCINED",53.70,66.97,13.67,16.42,43.82
2811,OTHER INORGANIC ACIDS AND OTHER INORGANIC OXYGEN COMPOUNDS OF NON,111.91,18.82,4.41,11.53,43.73
0703,"ONIONS, SHALLOTS, GARLIC, LEEKS AND OTHER ALLIACEOUS VEGETABLES, FRESH OR CHILLED",434.96,-8.97,-2.32,14.21,43.66
8514,INDSTRL/LABORATORY ELCTRC(INCL INDUCTN/   DIELCTRC)FURNACES ETC;OTHR INDSTRL/       LABORATORY INDUCTN/DIELCTRC HTNG EQP,132.86,13.12,3.13,10.96,43.66
3505,"DEXTRINS AND OTHER MODIFIED STARCHES (FOR EXAMPLE, PREGELATINISED OR ESTERIFIED     STARCHES); GLUES BASED ON STARCHES,",64.86,80.96,15.98,28.65,43.63
2619,SLAG DROSS (OTHR THN GRNLTD SLAG) SCALINGSAND OTHER WASTE FROM THE MNFR OF IRON/STEEL,67.32,81.15,16.01,36.03,43.32
8110,"ANTIMONY AND ARTICLES THEREOF, INCLUDING  WASTE AND SCRAP",53.22,162.72,27.31,68.87,43.32
7309,RESERVRS AND CONTAINRS FR ANY MATRL(OTHR    THNCMPRSD/LIQD GAS)OF IRN/STL,63.19,51.31,10.91,16.67,43.25
1102,CEREAL FLOURS OTHER THAN THAT OF WHEAT OR MESLIN,55.11,104.25,19.55,40.41,43.02
1513,"COCONUT (COPRA), PALM KERNEL OR BABASSU   OIL AND FRACTIONS THEREOF, WHETHER OR NOT REFINED, BUT NOT CHEMICALLY MODIFIED",85.83,48.84,10.45,31.39,42.99
6902,"REFRACTORY BRICKS, BLOCKS, TILES AND      SIMILAR REFRACTORY CERAMIC CONSTRUCTIONAL GOODS, OTHER THAN THOSE OF SILICEOUS",194.58,9.22,2.23,14.32,42.95
6404,FTWEAR WTH OUTR SOLES OF RUBR,237.95,4.08,1.01,14.76,42.88
7223,WIRE OF STAINLESS STEEL,401.86,-23.00,-6.33,9.67,42.80
6114,"OTHER GARMENTS, KNITTED OR CROCHETED",355.31,-24.11,-6.67,8.21,42.68
7505,"NICKEL BARS, RODS, PROFILES AND WIRE",61.30,34.76,7.74,10.54,42.55
2936,"PROVITAMINS AND VITAMINS, NATURAL OR      REPRODUCED BY SYNTHESIS (INCLUDING NATURAL CONCENTRATES), DERIVATIVES THEREOF",302.68,-0.01,-0.00,16.34,42.52
7410,"COPPER FOIL(W/N PRINTD OR BACKD WTH PAPR, PAPRBORD,PLSTCS OR SMLR BACKING MATERLS)  OF A THICKNESS(EXCL BACKING)<=0.15 M",54.28,55.52,11.67,17.07,42.08
4911,"OTHER PRINTED MATTER, INCLUDING PRINTED   PICTURES AND PHOTOGRAPHS",53.60,64.85,13.31,17.79,42.05
6207,"MENS OR BOYS SINGLETS AND OTHER VESTS   UNDERPANTS,BRIEFS,NIGHT",91.89,3.87,0.95,5.29,41.86
6209,BABIES GARMENTS AND CLOTHING ACCESSORIES,199.78,-2.41,-0.61,9.95,41.56
7615,"TABL,KTCHN/OTHR HOUSLD ARTCLS AND PRTS OF ALMNM,POT SCOURS AND SCOURNG/POLSHNG PADS GLOVS AND TH LIKE,SNTRY WRE AND PRTS",123.73,-5.54,-1.41,4.18,41.52
7013,"GLSSWR FR TBL KTCHN,TOLT,OFFC INDOR       DCORTION (EXCL GOODS OF HDG NO 7010/7018)",55.87,60.71,12.59,20.14,41.48
2902,CYCLIC HYDROCARBONS,1449.76,-65.82,-23.54,14.92,41.46
4014,HYGNC/PHRMCTL ARTCLS (INCL TEATS)         OF VALCNSD RUBR OTHR THN HARD RUBR        WTH/WITHOUT FITTINGS OF HARD RUBBER,91.24,34.22,7.64,21.05,41.39
7315,"CHAIN AND PARTS THEREOF, OF IRON OR STEEL",73.94,10.24,2.47,5.67,41.25
7310,"TANKS,DRUMS ETC AND SMLR CONTNRS FOR        MATERLS(OTHR THN CMPRSD/LQFD  GAS)",96.40,9.31,2.25,8.55,41.10
7415,"NAILS, TACKS, DRAWING PINS, STAPLES (OTHER THAN THOSE OF HEADING 8305) AND SIMILAR  ARTICLES, OF COPPER OR OF IRON OR ST",64.37,18.26,4.28,6.78,41.05
5205,COTN YRN(OTHR THN SWNG THRD)CNTNG 85% OR  MORE BY WT OF COTON NT PUT UP FR RETL SALE,3217.75,-38.23,-11.35,32.03,41.02
7901,UNWROUGHT ZINC,811.74,-15.48,-4.12,30.62,41.01
8545,"CRBN ELCTRDS,CRBN BRSHS,LAMP CRBNS ETC.   OTHR ARTCLS OF GRAPHITE/OTHR CRBN,WTH/    WTHOUT MTL OF A KND USED FOR ELCTRCL",264.60,-7.48,-1.92,12.24,40.68
6813,FRICTION MATRL AND ARTCLS NT MOUNTD FOR     BRAKES ETC WTH A BASIS OF ASBSTS/         CELLULOSEETC W/N CMBND WTH TXTL/OT,89.46,7.26,1.77,7.03,40.68
9033,"PRTS AND ACCESSORIES FR MACHINES,APPLIANCES,INSTRUMENTS/APPARATUS OF CHAPTER 90,NES",98.25,26.97,6.15,19.92,40.67
7220,FLAT,201.77,5.84,1.43,17.05,40.65
9609,"PENCILS (OTHER THAN PENCILS OF HEADING    9608 ), CRAYONS, PENCIL LEADS, PASTELS,   DRAWING CHARCOALS, WRITING OR DRAWIN",53.22,40.85,8.94,14.00,40.61
7614,"STRANDED WIRE, CABLES, PLAITED BANDS AND  THE LIKE, OF ALUMINIUM, NOT ELECTRICALLY  INSULATED",359.83,2.54,0.63,38.88,40.56
9028,"GAS,LQD/ELECTRICITY SUPPLY/PRODUCTION     METERS,INCL CALIBRATING METERS THEREFOR",106.49,29.02,6.58,26.31,40.44
6210,"GARMENTS, MADE UP OF FABRICS OF HEADING   5602, 5603, 5903, 5906 OR 5907",65.21,19.03,4.45,8.19,40.38
7403,"REFINED COPPER AND COPPER ALLOYS,         UNWROUGHT",1019.98,-14.83,-3.93,79.16,40.18
2306,OIL,454.30,-4.68,-1.19,30.91,40.18
8423,"WEIGHING MACHINERY (EXCLUDING BALANCES OF A SENSITIVITY OF 5 CENTIGRAMS OR BETTER), INCLUDING WEIGHT OPERATED COUNTING O",55.43,72.27,14.56,36.09,40.13
2711,PETRLM GASES AND OTHR GASEOUS HYDRCRBNS,393.30,-16.66,-4.45,15.21,40.01
9404,"MATTRESS SUPPORTS; ARTICLES OF BEDDING AND SIMILAR FURNISHING (FOR EXAMPLE,         MATTRESSES, QUILTS, EIDERDOWNS, CUSH",597.04,-28.11,-7.92,15.55,39.95
7610,"ALMNM STRCTRS AND PRTS OF STRCTRS(BRDGS     TOWRS,ROOFS ETC.)ALMNM PLATES",103.05,35.42,7.88,47.38,39.61
2925,CRBOXYIMD,155.70,-10.96,-2.86,6.44,39.50
2516,GRANITE PROPHYRY ETC AND OTHR MONUMENTAL/   BLDG STONE W/N ROUGHLY TRMMD/MERELY CUT   INTO BLCKS/SLBS OF A RECTNGLR INCL,561.60,-34.39,-10.00,14.39,39.47
5203,"COTTON, CARDED OR COMBED",79.74,33.43,7.48,20.92,39.26
2506,QRTZ (OTHR THN NATRL SANDS) QRTZTE W/N    ROUGHLY TRMMD/MERELY CUT BY SAWING/OTHRWSEINTO BLKS/SLBS OF RECTNGLR/SQ SHAPE,129.96,28.10,6.39,74.69,39.19
3919,SELF,186.32,-1.16,-0.29,12.12,39.12
3005,"WADDING, GAUZE, BANDAGES AND SIMILAR      ARTICLES (FOR EXAMPLE, DRESSINGS, ADHESIVE PLASTERS, POULTICES), IMPREGNATED O",79.11,34.48,7.69,23.65,39.07
8532,"ELCTRCL CAPACITORS FIXD,VARIABLE/         ADJUSTABLE(PRE",158.87,-0.05,-0.01,11.05,38.97
3905,"POLYMERS OF VINYL ACETATE OR OF OTHER     VINYL ESTERS, IN PRIMARY FORMS; OTHER     VINYL POLYMERS IN PRIMARY FORMS",55.45,18.32,4.30,7.29,38.92
1701,CANE/BEET SUGR CHMCLY PURE SUCRSE IN SOLID,2042.02,-55.44,-18.30,28.10,38.68
8425,PULLEY TACKLE AND HOISTS OTHER THAN SKIP  HOISTS;,91.12,13.66,3.25,12.15,38.61
3907,"POLYACETALS, OTHER POLYETHERS AND EPOXIDE RESINS,",736.05,-47.62,-14.93,15.73,38.61
5810,"EMBRDRY IN THE PIECE,IN STRIPS/IN MOTIFS",185.12,-1.22,-0.31,12.78,38.39
4113,"LEATHER FURTHER PREPARED AFTER TANNING OR CRUSTING, INCLUDING PARCHMENT",79.87,0.89,0.22,5.20,38.36
6506,"OTHER HEADGEAR, WHETHER OR NOT LINED OR   TRIMMED",71.63,34.06,7.60,19.94,38.02
3812,PRPD RUBR ACCLRTRS,190.45,-2.50,-0.63,13.03,37.95
7117,IMITATION JEWELLERY,131.66,-21.54,-5.89,1.92,37.77
8905,LIGHT,1302.63,-52.40,-16.94,24.98,37.74
8309,"STPPRS,CAPS ETC INCL CROWN CORKS,SCRW     CAPSETC CAPSLS FR BOTLS,THRD BUNGS,BUNG   COVRS,SEALS AND OTHR PCKNG ACCSSRS,O",129.71,-12.60,-3.31,6.16,37.63
4107,"LEATHER FURTHER PREPARED AFTER TANNING OR CRUSTING, INCLUDING PARCHMENT",242.35,-21.74,-5.94,9.66,37.44
5209,"WOVN FBRCS OF COTTON, CONTNG >=85% COTN   BY WT WEIGHING>200 GM PER SQM",500.47,-25.65,-7.14,18.90,37.24
9603,"BROOMS, BRUSHES (INCLUDING BRUSHES        CONSTITUTING PARTS OF MACHINES, APPLIANCES OR VEHICLES), HAND",123.66,-0.35,-0.09,9.97,37.18
3906,ACRYLIC POLYMERS IN PRIMARY FORMS,249.29,-10.29,-2.68,14.74,37.18
1702,"OTHER SUGARS, INCLUDING CHEMICALLY PURE   LACTOSE, MALTOSE, GLUCOSE AND FRUCTOSE, IN SOLID FORM; SUGAR SYRUPS NOT CONTAI",132.16,-2.17,-0.55,10.21,37.18
2923,"QUATERNARY AMMONIUM SALTS AND HYDROXIDES; LECITHINS AND OTHER PHOSPHOAMINOLIPIDS,   WHETHER OR NOT CHEMICALLY DEFINED",198.46,10.09,2.43,41.82,37.15
8533,ELCTRCL RESISTORS(INCL RHEOSTATS AND        POTENTIOMETERS)OTHR THN HTNG RESISTORS,60.02,18.48,4.33,9.95,37.14
2817,ZINC OXIDE; ZINC PEROXIDE,50.92,20.15,4.70,9.37,37.09
7005,FLOT AND SRFC GRND/POLSH GLS TN SHTS WH/NT  HAVNG AN ABSRBNT REFLCTNG/NON,74.43,21.61,5.01,15.15,37.06
1502,"FATS OF BOVINE ANIMALS, SHEEP OR GOATS,   OTHER THAN THOSE OF HEADING 1503",72.42,42.90,9.33,66.17,37.04
5402,"HIGH TENACITY YARN OF NYLON OR OTHER POLYAMIDES, WHETHER OR NOT TEXTURED",634.37,-55.32,-18.24,14.88,36.99
8437,"MCHN FR CLNG,SRTNG SEED,GRAIN/LGMNS VGTBL;MCHNRY FOR MLNG INDSTRY/FR WRKNG OF CRL/  DRIED LGMNS VEGTBLS,EXCL FARM",87.77,1.56,0.39,7.16,36.98
8486,"MACHINES AND APPARATUS OF A KIND USED     SOLELY FOR THE MANUFACTURE OF             SEMICONDUCTOR BOULES OR WAFERS, DEVI",80.50,37.20,8.23,66.96,36.89
0810,"OTHER FRUIT, FRESH",123.33,14.78,3.51,22.67,36.86
8215,"SPOONS, FORKS, LADLES, SKIMMERS, CAKE",71.60,1.01,0.25,4.38,36.84
3809,"RODENTICIDES AND OTHER SIMILAR PREPARATIONPRPRTN,USD IN TXTL,PAPR AND SMLR INDSTRS,NES",75.20,10.93,2.63,10.65,36.67
4008,"PLATS,SHTS,STRP,RODS AND PROFILE SHAPES OF  VULCNSD RUBR OTHR THN HARD RUBR",128.11,-7.78,-2.00,8.32,36.61
4421,OTHER ARTICLES OF WOOD,202.65,-28.40,-8.01,7.35,36.59
2601,"IRON ORES AND CONCENTRATES, INCLUDING     ROASTED IRON PYRITES IRON ORES AND        CONCENTRATES, OTHER THAN ROASTED IRO",1708.33,-47.41,-14.84,67.73,36.59
5607,"TWNE,CORDGE,ROP AND CBLS,W/N PLTD/BRDD AND W/ NIMPRGNTD,COTD,COVRD/SHTHD WTH RUBR/PLSTCS",154.03,-3.60,-0.91,11.82,36.54
8439,MCHNRY FR MKNG PULP OF FIBROUS CELLULOSIC MTRL/FR MKNG/FNSHNG PAPER/PAPERBOARD,64.75,39.90,8.76,36.44,36.08
3215,"PRINTING INK, WRITING OR DRAWING INK AND  OTHER INKS, WHETHER OR NOT CONCENTRATED OR SOLID",234.01,7.67,1.87,201.14,36.02
2907,PHENOLS; PHENOL,282.46,-18.47,-4.98,15.37,35.96
6810,"ARTICLES OF CEMENT, OF CONCRETE OR OF     ARTIFICIAL STONE, WHETHER OR NOT          REINFORCED",390.97,-20.65,-5.62,20.66,35.82
8205,"HND TOOLSN.E.S.  BLOW LAMPS;VICES,CLAMPS,OTHR THN ACSORS PRTS OF MACH",160.65,-10.53,-2.74,10.41,35.69
7215,OTHER BARS AND RODS OF IRON OR NON,131.03,10.32,2.49,24.58,35.55
4802,"UNCOTD PAPR AND PAPRBORD FOR WRTNG,PRNTNG ORGRPHIC PRPSES,PNCH CRD STCKANDPNCH TPE PAPR OF HDNG 4801/4803 ; HND",291.13,-36.25,-10.64,11.66,35.42
2906,"CYCLIC ALCOHOLS AND THEIR HALOGENATED,    SULPHONATED, NITRATED OR NITROSATED       DERIVATIVES",265.53,-41.91,-12.70,9.75,35.39
5806,NARROW WOVEN FABRICS OTHER THAN GOODS OF  HEADING 5807; NARROW FABRICS CONSISTING OF WARP WITHOUT WEFT ASSEMBLED,77.37,20.41,4.75,18.04,35.37
3903,"POLYMERS OF STYRENE, IN PRIMARY FORMS",89.23,16.18,3.82,17.64,35.07
6903,"OTHR RFRCTRY CERAMIC GDS(RETORTS,CRCBLS ,MUFFLES,NOZZLES,PLUGS,TUBES,SHEATHS, RODS AND SLIDGE GATES), EXCL SILICUS FOSSILS",110.59,-15.64,-4.16,6.24,34.85
8505,ELCTRO,61.25,8.18,1.99,7.86,34.79
8204,HND OPRTED SPANERS AND WRENCHS(INCLD TORQUE METER WRENCHS BUT NT TAP WRENCHS);INTER   CHANGBLE SPANER SOCKETS WTH HANDLE,164.53,-17.17,-4.60,9.81,34.75
8524,"*RECORDS,TAPES & OTHR RECORDED MEDIA       FOR SOUND/OTHR SMLRLY RECORDED PHENOMENA  BUT EXCL PRDCTS OF CHAPTER 37",292.46,0.00,0.00,297.50,34.71
5107,YRN OF CMBD WOOL NT PUT UP FR RETAIL SALE,91.11,19.25,4.50,25.84,34.68
2926,NITRILE,110.94,6.27,1.53,16.76,34.68
2621,"OTHER SLAG AND ASH, INLCUDING SEAWEED ASH (KELP); ASH AND RESIDUES FROM THE         INCINERATION OF MUNICIPAL WASTE",75.58,-9.26,-2.40,3.91,34.56
7208,FLAT,1564.86,-72.84,-27.81,64.55,34.53
4003,"RECLAIMED RUBBER IN PRIMARY FORMS OR IN   PLATES, SHEETS OR STRIP",91.00,21.68,5.03,34.89,34.49
6103,"MENS OR BOYS SUITS,ENSEMBLES,JACKETS,BLAZERS,TROUSERS,BIBANDBRACE OVERALLS,BREECHES AND SHORTS(OTH THAN SWIMWEAR)",410.35,-31.05,-8.87,18.95,34.39
4112,"LEATHER FURTHER PREPARED AFTER TANNING OR CRUSTING, INCLUDING PARCHMENT",57.42,3.15,0.78,6.08,34.15
5903,"TXTL FBRCS IMPRGNTD,COATD,CVRD/LAMNTD     WTH PLASTICS EXCL THOSE OF HDG NO. 5902",243.56,-8.00,-2.06,22.30,34.10
6804,"MLSTN ETC WTHT FRMWRKS FR GRNDNG ETC,HND",69.00,8.36,2.03,10.22,34.03
4013,"INNER TUBES, OF RUBBER",92.94,-7.64,-1.97,7.44,33.99
7418,"TABLE, KITCHEN OR OTHER HOUSEHOLD ARTICLES AND PARTS THEREOF, OF COPPER; POT        SCOURERS AND SCOURING OR POLISHING P",62.55,16.22,3.83,12.50,33.82
4201,"SDDLRY AND HRNSS FOR ANY ANML (INCL       TRACTSLEADS,KNEE PADS,MUZLS, SDDLE CLOTHS,SDDLE BAGS",220.38,-20.16,-5.47,14.49,33.49
4810,PAPR/PAPRBORD COATD ON ONE/BOTH SIDES     WITHKALN/OTHR INORG SUBSTS AND NO OTR COATNG W/NSURFCE COLRD/DECORTD/PRNTD IN,370.77,-46.63,-14.53,16.29,33.36
7103,PRCS(EXCL DIMONDS)AND SEMI PRCS SOTNS W/N   WRKD/GRD NT STRNG MNTD/SET UNGRD PRCS/SEMIPRCS STONES TMPRLY STRNG FR TRNSPR,458.74,-44.68,-13.76,19.31,33.31
3911,"PETROLEUM RESINS, COUMARONE",89.31,5.69,1.39,14.22,33.26
2511,NATRL BARIUM SULPHATE (BARYTES) NATRL     BARIUM CARBONATE (WITERITE)W/N CALCINED   OTHR THAN BARIUM OXIDE OF HDNG NO 28,152.18,2.69,0.67,25.40,33.08
6115,"PANTYHOSE, TIGHTS, STOCKINGS, SOCKS AND   OTHER HOSIERY, INCLUDING GRADUATED COMPRE SSION HOSIERY (FOR EXAMPLE, STOCKING",169.89,-20.91,-5.70,10.61,32.86
4820,"REGISTERS, ACCOUNT BOOKS, NOTE BOOKS,     ORDER BOOKS, RECEIPT BOOKS, LETTER PADS,  MEMORANDUM PADS, DIARIES AND SIMILAR",185.39,-6.78,-1.74,19.48,32.31
3901,POLYMERS OF ETHYLENE IN PRIMARY FORMS,434.68,-43.31,-13.23,22.05,32.31
3406,"CANDLES, TAPERS AND THE LIKE",88.17,3.62,0.89,13.82,32.21
5603,"NONWOVENS, WHETHER OR NOT IMPREGNATED,    COATED, COVERED OR LAMINATED",195.63,-4.82,-1.23,24.29,32.18
2931,OTHER ORGANO,212.05,-22.52,-6.18,14.19,31.86
6303,CURTAINS (INCLUDING DRAPES) AND INTERIOR  BLINDS; CURTAIN OR BED VALANCES,150.01,-9.42,-2.44,14.98,31.67
7210,FLT,822.32,-68.17,-24.89,50.63,31.15
4002,"SYNTHETIC RUBBER AND FACTICE DERIVED FORM OILS, IN PRIMARY FORMS OR IN PLATES,      SHEETS OR STRIP; MIXTURES OF ANY PRO",144.55,-5.56,-1.42,17.61,31.09
4411,FIBR BORD OF WOOD OR OTHR LIGNEUS MATRLS  W/N BONDED WITH RESIN/OTHR ORGNIC SUBSTS,56.81,4.90,1.20,9.79,30.93
6815,ARTCLS OF STON/OF OTHR MNRL SUBSTNCS(INCL CRBN FIBR ARTCLS OF CRBN FIBR AND PEAT)N.E.S,133.61,-18.83,-5.08,11.53,30.74
2807,SULPHURIC ACID; OLEUM,69.98,28.41,6.45,226.34,30.51
7110,PLTNM UNWRGHT/SEMI MNFCTRD/PWDR FORMS,78.92,22.49,5.20,127.33,30.44
4419,"TABLEWARE AND KITCHENWARE, OF WOOD",76.60,0.48,0.12,12.08,30.14
2823,TITANIUM OXIDES,81.18,13.70,3.26,32.21,30.09
8452,"SEWNG MCHNS,EXCL BOOK",65.79,-8.33,-2.15,6.37,30.00
2521,"LIMESTONE FLUX; LIMESTONE AND OTHER       CALCAREOUS STONES, OF A KIND USED FOR THE MANUFACTURE OF LIME OR CEMENT",71.62,24.21,5.57,103.07,29.95
7219,FLT,460.08,-52.10,-16.81,31.92,29.92
6309,WORN CLOTHING AND OTHER WORN ARTICLES,83.10,-3.67,-0.93,11.32,29.89
6006,OTHER KNITTED OR CROCHETED FABRICS,327.68,-46.11,-14.32,20.30,29.79
2836,CARBNTS;PEROXO CARBNTS (PERCARBNTS);CMMRCLAMMONIUM CARBONATE CONTNG AMMONIUM CARBMTS,126.89,-1.76,-0.44,20.46,29.78
7320,"SPRINGS AND LEAVES FOR SPRINGS, OF IRON OR STEEL",97.31,2.20,0.54,19.34,29.77
8712,"BICYCLES AND OTHER CYCLES (INCLUDING      DELIVERY TRICYCLES), NOT MOTORISED",76.96,10.37,2.50,23.73,29.59
7009,GLSS MIRORS W/N FRMD INCL REAR VIEW MIRORS,75.52,-17.06,-4.57,6.58,29.39
1516,"ANML/VEG/MICROBL FATS,OILS,ITS FRCTN PRTLY/WHLY HYDROGNTD INTR",109.70,3.03,0.75,27.37,29.28
5705,"OTHER CARPETS AND OTHER TEXTILE FLOOR     COVERINGS, WHETHER OR NOT MADE UP",243.35,-38.89,-11.58,16.57,29.25
8542,ELCTRNC INTEGRTD CIRCUITS AND MICRO,279.68,-35.89,-10.52,21.84,29.09
8441,"OTHER MACHINERY FOR MAKING UP PAPER PULP, PAPER OR PAPERBOARD, INCLUDING CUTTING    MACHINES OF ALL KINDS",67.35,-1.12,-0.28,10.37,29.00
7606,"ALMNM PLTS,SHTS AND STRP OF THCKNS>0.2 MM",219.09,-23.24,-6.40,20.55,28.77
2904,"SULPHONATED, NITRATED OR NITROSATED       DERIVATIVES OF HYDROCARBONS, WHETHER OR   NOT HALOGENATED",92.22,-24.36,-6.74,7.50,28.46
7207,SEMI,496.46,-83.19,-35.97,38.33,28.25
0804,"DATES, FIGS, PINEAPPLES, AVOCADOS, GUAVAS, MANGOES, AND MANGOSTEENS, FRESH OR DRIED",156.88,-20.82,-5.67,16.12,28.18
9305,PRTSAND ACCSSRS OF ARTCL OF HDG 9301,125.02,-35.04,-10.22,9.76,28.17
3902,"POLYMERS OF PROPYLENE OR OF OTHER OLEFINS, IN PRIMARY FORMS",303.29,-59.34,-20.14,19.87,27.70
2927,DIAZO,73.99,-30.04,-8.54,5.40,27.05
8451,"0THER PARTS OF HOUSEHOLD LAUNDRY TYPE MCHNETCANDMCHNS FR APPLYNG PST TO BASE FBRC ETC;MCHNS FR RLNG,UNRLNG,FLDNG/CTTNG T",75.55,-16.20,-4.32,9.07,27.01
5201,"COTTON, NOT CARDED OR COMBED",436.37,-83.59,-36.35,42.52,26.61
7007,SAFTY GLSS CONSTNG OF TOUGHND/LMNTD GLSS,62.70,4.23,1.04,15.95,26.55
8448,"AUXLRY MCHNRY USD WTH MCHNS OF HDG 8444,  8445,8446/8447;PRTS AND ACCSSRS USD WTH     THIS HDG/OF HDG 8444,8445,8446/844",133.65,-36.80,-10.84,11.98,26.47
5206,COTON YRN(OTHR THN SEWNG THRD)CONTNG      COTON <85% BY WT NT PUT FOR RETAIL SALE,168.90,-41.27,-12.46,14.09,26.40
8203,"FILES, RASPS, PLIERS (INCLUDING CUTTING   PLIERS), PINCERS, TWEEZERS, METAL CUTTING SHEARS, PIPE",66.60,-18.55,-5.00,7.13,26.36
3908,POLYAMIDES IN PRIMARY FORMS,64.28,-17.72,-4.76,6.94,26.29
7228,"OTHR BARS,RODS,ANGLS,SHPS,SCTNS OF OTHR   ALLOY STL,HOLLOW DRILL BARS AND RODS OF     ALLOY OR NON",130.82,-28.85,-8.16,13.55,26.08
2007,JAMS FRUT JELLY MARMALDS FRUT/NUT PUREE AND FRUT/NUT PASTS COOKD PRPNS W/N CONTNG SUGR,116.24,-42.18,-12.80,10.07,25.63
1005,MAIZE (CORN),374.78,-63.38,-22.21,58.90,25.57
8406,STEAM TURBINES AND OTHER VAPOUR TURBINES,156.24,-29.76,-8.45,17.07,25.11
5504,"ARTIFICIAL STAPLE FIBRES, NOT CARDED,     COMBED OR OTHERWISE PROCESSED FOR",173.26,-15.63,-4.16,47.51,24.74
2920,ESTRS OF OTHR INORGNC ACIDS(EXCL ESTRS OF HYDRGN HALIDES)AND THR SLTS THR HALGNTD     SLPHNTD NITRTD/NITRSTD DRVTVS,91.21,-19.40,-5.25,13.74,24.46
8212,RAZORS AND RAZOR BLADES (INCLUDING RAZOR  BLADE BLANKS IN STRIPS),71.56,-11.56,-3.02,11.32,24.45
3212,PIGMNTS(INCL METLC POWDR AND FLKS) DSPRSD   IN NON,61.65,-37.63,-11.13,4.52,24.06
5503,"SYNTHETIC STAPLE FIBRES, NOT CARDED,      COMBED OR OTHERWISE PROCESSED FOR SPINNING",214.72,-54.06,-17.67,23.82,23.53
2707,OILS AND OTHER PRODUCTS OF THE            DISTILLATION OF HIGH TEMPERATURE COAL TAR SIMILAR PRODUCTS IN WHICH THE WEIGHT,318.13,-58.32,-19.65,95.58,23.21
3605,MTCHS EXCL PYRTCHNC ARTCLS OF HDNG NO 3604,59.52,-1.27,-0.32,14.91,23.19
7020,OTHER ARTICLES OF GLASS,109.12,-44.66,-13.75,11.77,23.18
1301,"LAC;NATURL GUMS,RESNS,GUM",104.66,-21.31,-5.82,16.70,23.05
1108,STARCHES; INULIN STARCHES :,148.54,-28.59,-8.07,23.21,22.84
0701,"POTATOES, FRESH OR CHILLED",86.39,-15.17,-4.03,16.78,22.82
2517,PEBBLES GRVL BRKN/CRSHD STONE COMMONLY    USDFR CONCRETS AGGRGTS FR RD MTLNG ETC    PWDR  ETC OF HOG NO 2515/2516 W/N HE,64.48,-14.92,-3.96,11.66,22.62
7604,"ALUMINIUM BARS, RODS AND PROFILES",119.73,-26.78,-7.50,17.30,22.60
5211,"WOVN FBRCS OF COTON,CONTNG<85% COTTON,MXD MAINLY WTH MNMD FBRS WEIGHING>200 G/M2",179.51,-44.87,-13.83,22.38,22.39
7209,"FLT RLLD PRDCTS OF WDTH>= 600MM,COLD",258.97,-76.72,-30.54,40.48,21.68
4804,UNCOTD KRFT PAPR AND PAPRBORD IN ROLS OR  SHEETS OTHR THAN HEDNG NO. 4802/4803,115.62,-35.34,-10.33,16.81,21.62
4205,OTHER ARTICLES OF LEATHER OR OF           COMPOSITION LEATHER,51.06,-9.80,-2.55,11.63,21.53
5510,YARN(OTHR THN SWNG THREAD)OF ARTFCL       STAPLE FIBRES NOT PUT UP FR RTL SALE,88.54,-37.99,-11.26,12.00,21.23
5310,WOVEN FABRICS OF JUTE OR OF OTHER TEXTILE BASE FIBRES OF HEADING 5303,78.05,-27.82,-7.83,12.30,21.10
6004,"KNITD OR CROCHETED FBRCS OF WIDTH.30CM ,  CONTNG ELASTOMERIC YARN/RUBR>=5% BY WT,    EXCPT HDGNO. 6001",121.72,-21.03,-5.73,27.74,21.10
8465,MCHN,51.75,-19.75,-5.35,9.43,21.04
7201,"PIG IRON AND SPIEGELEISEN IN PIGS, BLOCKS OR OTHER PRIMARY FORMS",226.01,-50.02,-15.92,58.03,21.03
8509,ELCTRO,74.18,-20.34,-5.53,14.20,20.81
5516,WOVEN FABRICS OF ARTIFICIAL STAPLE FIBRES,67.95,-22.24,-6.09,11.29,20.72
8523,"PREPRD UNRECORDED MEDIA FOR SOUND         RECRDNG/SMLR RECRDNG OF OTHR              PHENOMENA,OTHR THN PRDCTS OF CH.37",196.93,-56.20,-18.65,39.31,19.34
8539,"ELECTRIC FILAMENT OR DISCHARGE LAMPS,     INCLUDING SEALED BEAM LAMP UNITS AND      ULTRA",51.77,3.76,0.93,39.02,18.87
8475,"MCHNS FR ASSMBLNC ELCTRC/ELCTRNC LAMPS,   TUBES/VALVE/FLASH",147.70,-36.85,-10.85,45.37,18.61
2525,MICA INCLUDING SPLITTINGS MICA WASTE,57.92,-15.65,-4.17,14.51,18.43
7221,"BARS AND RODS, HOT",107.18,-40.39,-12.13,20.00,18.20
2928,ORGNC DRVTVS OF HYDRAZINE/OF HYDROXYLAMINE,120.96,-33.71,-9.77,34.10,17.95
3910,SILICONES IN PRIMARY FORMS,66.59,-27.20,-7.63,13.71,17.78
8526,"RADAR APPARATUS, RADIO NAVIGATIONAL AID   APPARATUS AND RADIO REMOTE CONTROL        APPARATUS",140.60,-49.16,-15.56,34.72,17.62
0504,GUTS,58.91,-7.29,-1.87,23.31,17.50
8445,"MCHNS FR PRPRNG TXTL FBRS;SPNG,TWSTNG ETC MCHNRY FR PRDCNG TXTL YRNS;MCHNS FR PRPRNGTXTL YRNS FR USE ON MCHNS OF 8446/84",136.59,-53.85,-17.58,31.83,17.39
2901,ACYCLIC HYDROCARBONS,158.40,-66.30,-23.81,37.14,16.93
4805,"OTHER UNCOATED PAPER AND PAPERBOARD, IN   ROLLS OR SHEETS, NOT FURTHER WORKED OR    PROCESSED THAN AS SPECIFIED",113.89,-77.47,-31.10,18.28,16.59
4015,"ARTCL OF APARL AND CLOTHING ACCESSORIES     (INCL. GLOVES, MITTENS AND MITTS) FOR ALL  PURPOSE OF VULCANISED RUBR NOT HA",75.15,-43.43,-13.27,14.64,16.23
7213,"BARS AND RODS, HOT",137.93,-81.51,-34.43,36.88,15.48
5210,"WOVN FBRCS CONTNG<85% COTON,MXD MAINLY    OR SOLELY WTH MANMADE FBRS WEGHNG<=200G/M2",63.74,-18.54,-5.00,22.36,15.24
3918,"FLR COVERING OF PLSTCS,W/N SELF",71.66,-26.70,-7.47,31.69,12.82
7216,"ANGLS,SHAPES AND SCTNS OF IRON/NON",73.40,-56.27,-18.68,18.24,11.76
7217,WIRE OF IRON OR NON,59.76,-39.76,-11.90,17.85,11.34
9015,"SURVEYING,HYDROGRAPHIC,OCEANOGRAPHIC,     HYDROLOGICAL,METEOROLOGICAL/GEOPHYSICAL   INSTRMNTS AND APPLNCS,EXCL COMPSS;RN",73.92,-28.67,-8.10,46.53,11.28
7612,"ALMNM CSKS,DRMS,CANS ETC(INCL CLPSBL TBLR CONTNRS)FR ANY MTRL(EXCL GAS),OF<=300L,W/ NW/N LIND BUT NT FTD WTH MHCHNCL/THR",73.40,-48.22,-15.17,24.07,11.07
2614,TITANIUM ORES AND CONCENTRATES,52.67,-36.28,-10.65,18.52,10.45
2207,"UNDENATURED ETHYL ALCOHOL OF AN ALCOHOLIC STRENGTH BY VOLUME OF 80% VOL. OR HIGHER; ETHYL ALCOHOL AND OTHER SPIRITS, DEN",54.36,-21.48,-5.87,35.83,10.18
1101,WHEAT OR MESLIN FLOUR,80.93,-66.60,-23.98,32.77,9.94
7214,OTHER BARS AND RODS OF IRON OR NON,91.27,-87.09,-40.06,46.57,9.62
7225,FLT,60.21,-46.82,-14.60,434.60,4.17
