hscode,hsdesc,latest_import_usd_mn,growth_5yr_pct,export_offset_usd_mn,export_coverage_pct,dependence_score
7106,SILVR(INCLD SLVR PLTD WTH GOLD/PLTNM)     UNWRGHT/IN SEMI MNFCTRD FORM/IN PWDR FORM,12050.81,267.83,49.69,0.41,97.12
8802,"OTHR AIRCRAFT EXCEPT UNMANNED AIRCRAFT OF 8806(eg HELICOPTER, AEROPLANE)SPACECRAFT (INCL SATELLITE) AND SUBORBITAL AND SPACE",12834.59,175.50,75.00,0.58,96.17
2843,COLLOIDL PRECIOUS METALS;INORGNC/ORGNC    CMPNDS OF PRECIOUS METALS W/N CHMCLY      DEFINED AMALGAMS OF PRECIOUS METAL,5595.68,207.18,36.29,0.65,95.75
8542,ELCTRNC INTEGRTD CIRCUITS AND MICRO,30322.88,122.38,279.68,0.92,94.94
2603,COPPER ORES AND CONCERTRATES,5940.81,97.46,39.63,0.67,92.78
8507,"ELCTRC ACCUMLTRS,INCL SEPARATORS          THEREFOR W/N RECTANGULAR(INCL SQ)",5623.90,144.34,713.51,12.69,90.91
7114,ARTCLS OF GOLDSMTHS/SLVRSMTHS WARES AND   PRTS OF PRCS MTL/MTL CLD WTH PRCS MTL,1365.53,40160.18,20.59,1.51,90.78
7218,STAINLESS STEEL IN INGOTS OR OTHER PRIMARY FORMS; SEMI,1399.04,2466.37,38.51,2.75,90.30
7007,SAFTY GLSS CONSTNG OF TOUGHND/LMNTD GLSS,1504.02,615.03,62.70,4.17,90.07
7404,COPPER WASTE AND SCRAP,3429.19,115.71,318.46,9.29,89.47
7108,GOLD(INCL GOLD PLTD WTH PLTNM)UNWROUGHT   OR IN SEMI MNFCTRD FORMS/IN PWDR FORM,71977.29,55.91,242.55,0.34,89.37
8486,"MACHINES AND APPARATUS OF A KIND USED     SOLELY FOR THE MANUFACTURE OF             SEMICONDUCTOR BOULES OR WAFERS, DEVI",1386.25,852.08,80.50,5.81,89.27
8447,"KNTNG MCHNS,STCH",930.45,162.96,4.67,0.50,86.20
5201,"COTTON, NOT CARDED OR COMBED",1856.75,244.38,436.37,23.50,86.17
3105,"MNRL/CHMCL FRTLSRS WTH TWO/THREE OF THE   FRTLSNG ELMNTS N,P AND K; OTHR FRTLSRS SMLR GOODS IN TBLTS/LIKE FRM IN PKT OF",7012.08,41.74,24.72,0.35,86.05
8446,WEAVING MACHINES (LOOMS),1087.91,136.13,40.60,3.73,85.26
8479,"MCHNS AND MCHNCL APPLNCS HVNG INDVDL        FUNCTNS,N.E.S.",4131.91,111.59,1320.11,31.95,85.12
8473,"PARTS AND ACCESSORIES OTH THN COVERS, CARRYING CASES)SUITABLE FOR USE SOLELY /PRINCIPALLY WITH MACHINES OF HDG 8470 TO 8472",4025.94,65.58,524.02,13.02,84.84
0802,"OTHER NUTS, FRESH OR DRIED, WHETHER OR NOT SHELLED OR PEELED",2090.70,57.09,29.58,1.41,84.69
8534,PRINTED CIRCUITS,1677.04,91.19,175.39,10.46,84.64
7403,"REFINED COPPER AND COPPER ALLOYS,         UNWROUGHT",2768.10,127.08,1019.98,36.85,84.41
0801,"COCONUTS, BRAZIL NUTS AND CASHEW NUTS,    FRESH OR DRIED, WHETHER OR NOT SHELLED OR PEELED",2357.45,85.95,505.29,21.43,84.15
8462,MCHN,1029.97,140.86,72.01,6.99,83.97
9031,"MEASURING OR CHECKING INSTRUMENTS,        APPLIANCES AND MACHINES, NOT SPECIFIED OR INCLUDED ELSEWHERE IN THIS",2120.06,79.87,379.86,17.92,83.57
7610,"ALMNM STRCTRS AND PRTS OF STRCTRS(BRDGS     TOWRS,ROOFS ETC.)ALMNM PLATES",788.84,640.22,103.05,13.06,82.05
8536,ELCTRCLS APPRTS FR SWTCHNG/PRTCTNG ELCTRCLCIRCUITS ETC.(E.G.SWTCHS RELAYS ETC.)     FOR A VOLTAGE NOT EXCDG 1000 VOLTS,3586.33,80.79,1517.26,42.31,81.87
7602,ALUMINIUM WASTE AND SCRAP,4551.38,31.92,53.80,1.18,81.69
4005,CMPNDED RUBR UNVULCNSD IN PRMRY           FORMS/IN PLATES SHEETS/STRIP,697.08,231.06,45.86,6.58,81.65
8426,"DERRICKS;CRNS,INCL CABLE CRNS;MOBL LFTNG  FRMS,STRDL CRRS AND WRKS TRCKS FTD WTH A CRN",1043.75,108.17,119.21,11.42,81.42
2613,MOLYBDENUM ORES AND CONCENTRATES,634.92,206.18,20.12,3.17,81.39
3103,"MINERAL OR CHEMICAL FERTILISERS,          PHOSPHATIC",640.15,127263.27,71.96,11.24,81.26
7402,UNREFINED COPPER; COPPER ANODES FOR       ELECTROLYTIC REFINING,2600.66,34.35,30.13,1.16,80.93
0713,DRID LEGUMINOUS VEG SHLD W/N SKINNED/SPLIT,3631.47,58.36,969.58,26.70,80.68
8455,METAL,940.58,154.70,202.57,21.54,80.43
8428,"OTHER LIFTING, HANDLING, LOADING OR       UNLOADING MACHINERY (FOR EXAMPLE, LIFTS,  ESCALATORS, CONVEYORS, TELEFERICS)",1123.68,184.80,365.57,32.53,80.35
8518,"MCROPHONESANDSTNDS THRFR;LOUDSPKR,W/N MNTD  HEADPHONE,EARPHONE AND COMBND MCROPHONE/SPKRSETS;AUDIO FRQNCY AMPLFYR;SND AM",1865.60,59.67,269.78,14.46,80.28
7113,ARTCLS OF JEWELLERY AND PRTS THEREOF; OF    PRCS MTL/OF MTL CLD WTH PRECIOUS METAL,4930.51,683.53,13276.62,269.27,80.13
2510,"NATRL CALCIUM PHOSPHATES,NATRL ALMNM      CALCIUM PHOSPHATES AND PHOSPHATIC CHALK",1857.04,32.25,0.13,0.01,79.64
2709,"PETROLEUM OILS AND OILS OBTAINED FROM     BITUMINOUS MINERALS, CRUDE",134716.78,10.02,0.00,0.00,79.49
9027,"INSTRUMENTS AND APPARATUS FOR PHYSICAL OR CHEMICAL ANALYSIS (FOR EXAMPLE,           POLARIMETERS, REFRACTOMETERS, SPECTR",2193.56,40.69,208.59,9.51,79.34
8443,"PRINTNG MACHNRY,INCL INK",1938.18,48.18,257.12,13.27,79.19
7411,COPPER TUBES AND PIPES,1109.93,65.94,135.67,12.22,78.50
7802,LEAD WASTE AND SCRAP,418.97,141.58,0.00,0.00,78.46
8417,"INDUSTRIAL OR LABORATORY FURNACES AND     OVENS, INCLUDING INCINERATORS, NON",562.52,309.83,84.94,15.10,78.36
8504,"ELECTRICAL TRANSFORMERS, STATIC CONVERTERS (FOR EXAMPLE, RECTIFIERS) AND INDUCTORS",4405.25,69.74,3199.92,72.64,78.21
2606,ALUMINIUM ORES AND CONCENTRATES,545.51,114.20,13.57,2.49,78.15
1507,SOYA BEAN OIL AND ITS FRACTNS W/N REFIND    BUT NOT CHEMICALLY MODIFIED,6207.78,12.22,44.93,0.72,78.12
8501,ELCTRC MOTRS AND GENRTRS(EXCL GENRTNG SETS),1875.02,72.37,902.10,48.11,78.03
7408,COPPER WIRE,1834.76,83.72,999.44,54.47,77.95
4703,"CHEMICAL WOOD PULP, SODA OR SULPHATE,     OTHER THAN DISSOLVING GRADES",862.70,49.38,0.04,0.00,77.72
8471,AUTOMATIC DATA PROCESSING MACHINES AND    UNITS,13707.02,17.91,1074.61,7.84,77.26
3818,CHMCL ELMNT DOPD FR ELCTRNCS IN DISC,392.50,140.02,0.76,0.19,77.26
8532,"ELCTRCL CAPACITORS FIXD,VARIABLE/         ADJUSTABLE(PRE",1281.04,49.38,158.87,12.40,76.86
6909,CERMC WARES FOR LABRTRY ETC;CERMC TROUGHS TUBS ETC;FOR USE IN AGRCLTR CERMC POTS    ETC;FOR CONVEYANCE/PCKNG OF GOODS,376.59,196.06,5.65,1.50,76.68
9102,WRIST,489.54,116.32,24.68,5.04,76.30
8433,"HRVSTNG/THRSHNG MCHNRY INCL STRAW/FODR    BLRS;GRASS MOWRS;MCHNS FR CLNG,SRTNG EGGS,FRUIT/OTHR SMLR PRDC EXCL MCHNRY OF",537.45,299.54,113.31,21.08,76.15
7225,FLT,2054.46,23.42,60.21,2.93,76.02
8523,"PREPRD UNRECORDED MEDIA FOR SOUND         RECRDNG/SMLR RECRDNG OF OTHR              PHENOMENA,OTHR THN PRDCTS OF CH.37",1686.44,37.15,196.93,11.68,76.00
8414,"AIR/VACUUM PUMPS,AIR/OTHR GAS COMPRSRS AND  FANS;VNTLTNG/RCYCLNG HOODS INCRPRTNG A    FAN,W/N FITTED WITH FILTERS",3221.04,46.39,1480.97,45.98,75.80
3104,"MINERAL OR CHEMICAL FERTILISERS, POTASSIC",1332.85,28.56,3.36,0.25,75.79
8477,"MCHNR FR WRKNG RUBBR/PLSTCS/FR THE MNFCTR OF PRDCTS FROM THESE MTRLS,N.E.S.",1961.37,39.66,396.57,20.22,75.69
8503,PARTS SUITABLE FOR USE SOLELY OR          PRINCIPALLY WITH THE MACHINES OF HEADING  8501 OR 8502,1441.41,136.72,1425.97,98.93,75.67
1512,"SUNFLOWER SEED, SAFFLOWER OR COTTON SEED  OIL AND THEIR FRACTIONS THEREOF, WHETHER  OR NOT REFINED, BUT NOT CHEMICALLY M",3324.78,13.24,116.54,3.51,75.59
7204,FERROUS WASTE AND SCRAP; REMELTING SCRAP  INGOTS,4558.72,5.10,21.99,0.48,75.29
1701,CANE/BEET SUGR CHMCLY PURE SUCRSE IN SOLID,1266.97,670.68,2042.02,161.17,75.21
7616,OTHER ARTICLES OF ALUMINIUM,843.40,247.09,515.07,61.07,75.06
7208,FLAT,1730.85,83.60,1564.86,90.41,75.02
8422,"DISH WASHING MACHINES; MACHINERY FOR      CLEANING OR DRYING BOTTLES OR OTHER       CONTAINERS; MACHINERY FOR FILLING, C",917.15,83.11,293.91,32.05,74.84
9021,"ORTHPDC APLNCS,ARTFCL PRTS OF TH BODY;HRNGAIDS AND OTHR APLNCS WHCH ARE WRN/CRRD/     IMPLNTD IN THE BODY TO CMPNST DFCT",1050.85,83.81,493.22,46.94,74.74
8483,TRNSMSN SHFTS AND CRNKS;GEARS;BALL SCREWS;  BEARING HOUSING ANDOTHR PLAIN SHFT BEARINGS SPD CHNGRS INCL TORQUE CNVRTRSFF,2466.98,65.00,2242.11,90.88,74.61
1805,"COCOA POWDER, NOT CONTAINING ADDED SUGAR  OR OTHER SWEETENING MATTER",317.24,202.50,4.82,1.52,74.61
9022,OTHR APPLINCES OF 9021 BTA/GMAOR OTHR IONISING  RADITIONS INCL RADIOTHRPY APPRTS X,1356.35,56.16,391.44,28.86,74.55
9030,"OSCLSCPS AND OTHR INSTRMNTS AND APRTS FR MSRNGCHKNG ELCTRCL QUNTTS,INSTRMNTS AND APRTS FR MSRNG/DTCTNG ALPHA,BTA,GMA,X",993.99,61.28,205.14,20.64,74.46
2711,PETRLM GASES AND OTHR GASEOUS HYDRCRBNS,26633.66,0.78,393.30,1.48,74.35
2809,"DIPHOSPHORUS PENTAOXIDE; PHOSPHORIC ACID; POLYPHOSPHORIC ACIDS, WHETHER OR NOT      CHEMICALLY DEFINED",2681.08,6.81,13.93,0.52,74.17
8537,"BORDS PANLS ETC EQUIPD WTH TWO OR MORE    APPRTS OF HDG 8535/8536,INCL THOSE        INCORPRTNG INSTRMNTS/APPRTS OF CH 90",1467.18,80.08,1124.24,76.63,74.10
9018,"INSTRMNTS AND APPLNCS USED IN MDCL,SURGCL,  DNTL/VTRNRY SCNCS,INCL SCNTGRPHC APPRTS   ELCTRO",3097.10,40.43,1500.84,48.46,73.90
4408,VENER SHET AND SHETS FOR PLWD (W/N SPLICD)AND OTHR WOOD SAWN IN LENTH SLICD/PEELD W/N PLANED OR FINGR JTD THIKNES <= 6MM,509.16,74.02,28.07,5.51,73.88
2601,"IRON ORES AND CONCENTRATES, INCLUDING     ROASTED IRON PYRITES IRON ORES AND        CONCENTRATES, OTHER THAN ROASTED IRO",1254.22,164.43,1708.33,136.21,73.64
2208,"UNDNATRD ETHYL ALCHL WTH<80% ALCHL        STRNGTH;SPRTS ,LIQRS AND OTHR SPRTOUS BVRGS;COMPND ALCHL PRPN FOR MNUFCTRE OF",690.79,116.91,261.49,37.85,73.47
8517,"ELCTRCL APARTS FR LINE TELEPHNY/TELGRPHY, INCL TELPHON SETS WTH CORDLS HANDSET      CARIER",21717.08,55.10,33759.21,155.45,73.36
3919,SELF,800.84,68.14,186.32,23.27,73.36
1511,"PALM OIL AND ITS FRACTIONS, WHETHER OR NOT REFINED, BUT NOT CHEMICALLY MODIFIED",9591.60,-5.69,49.30,0.51,73.32
8480,"MOULDING BOXES FOR METAL FOUNDRY; MOULD   BASES; MOULDING PATTERNS; MOULDS FOR METAL (OTHER THAN INGOT MOULDS), METAL CA",1137.74,45.64,240.32,21.12,73.09
8906,"OTHER VESSELS, INCLUDING WARSHIPS AND     LIFEBOATS OTHER THAN ROWING BOATS",833.44,652.66,908.48,109.00,72.94
2713,PETROLM COKE PETROLM BITUMN AND OTHR RESDUS OF PETRLM OILS/OILS OBTND FRM BITMNS MNRLS,3114.14,11.96,325.94,10.47,72.89
8457,"MACHINING CENTRES, UNIT CONSTRUCTION      MACHINES (SINGLE STATION) AND MULTI",618.38,71.67,93.80,15.17,72.88
3902,"POLYMERS OF PROPYLENE OR OF OTHER OLEFINS, IN PRIMARY FORMS",2142.57,21.35,303.29,14.16,72.83
8543,"ELCTRCL MCHNS AND APPRTS,HVNG INDIVIDUAL    FNCTNS N.E.S.IN THIS CHAPTER",1042.55,54.75,278.14,26.68,72.71
2701,COAL BRIQUETTES OVOIDS AND SIMILAR          SOLID FUELS MANUFACTURED FROM COAL,26729.10,-12.73,178.32,0.67,72.69
7606,"ALMNM PLTS,SHTS AND STRP OF THCKNS>0.2 MM",876.89,61.11,219.09,24.98,72.53
9026,"INSTRMNTS AND APRTS FR MSRNG/CHKNG THE FLOW,LEVL,PRSR/OTHR VARIABLES OF LIQUID/GASES  EXCL APPRTS OF HDG 9014,9015,9028/",763.51,102.29,362.34,47.46,72.38
8708,PARTS AND ACCESSORIES OF THE MOTOR        VEHICLES OF HEADINGS 8701 TO 8705,6970.61,44.22,7642.94,109.65,72.36
7409,"COPPER PLATES, SHEETS AND STRIP, OF A     THICKNESS EXCEEDING 0.12.5 MM",501.88,136.06,136.46,27.19,72.36
3824,"PRPD BNDRS FR FOUNDRY MOULDS/CORES,CHMCL  PRDCTS AND PRPNS,RESDUAL PRDCTS OF CHMCL    OR ALLIED INDUSTRIES N.E.S.",1527.79,38.95,461.23,30.19,72.02
2801,"FLUORINE, CHLORINE, BROMINE AND IODINE",365.69,112.87,32.61,8.92,71.85
8607,PRTS OF RLWAY/TRMWAY LCMTVS/ROLLNG,513.59,140.86,180.83,35.21,71.83
3901,POLYMERS OF ETHYLENE IN PRIMARY FORMS,3517.73,8.72,434.68,12.36,71.72
1804,"COCOA BUTTER, FAT AND OIL",404.04,370.86,122.62,30.35,71.69
8525,"TRNSMISN APARATS FR RADIO,TELEPHNY ETC    W/N INCRPRTNG RECEPTION APPRTS/SOUND      RECORDING/REPRDCNG APPRTS;TV CAMERAS",2070.14,12.04,214.34,10.35,71.67
8524,"*RECORDS,TAPES & OTHR RECORDED MEDIA       FOR SOUND/OTHR SMLRLY RECORDED PHENOMENA  BUT EXCL PRDCTS OF CHAPTER 37",5594.17,0.00,292.46,5.23,71.60
8538,"PRTS SUITBL FR USE SOLELY/PRINCIPALLY WTH THE APPRTS OF HDG NO.8535,8536/8537",1580.69,64.60,1584.39,100.23,71.49
6001,"PILE FABRICS INCLUDING LONG PILE FABRICS AND TERRY FABRICS,KNITTED/CR",258.39,289.73,14.17,5.48,71.42
2616,PRECIOUS METAL ORES AND CONCENTRATES,212.18,561.09,1.66,0.78,71.26
8515,"ELCTR(INCL ELCTACLLY HTD GAS)LASER/OTHR   LIGHT/PHOTON BEAM ETC,BRZNG/SLDRNG MCHNS  ETC FR HOT SPRYNG OF MTLS/CERMETS",548.23,65.63,84.34,15.38,71.12
3102,"MINERAL OR CHEMICAL FERTILISERS,          NITROGENOUS",5564.52,-17.37,28.77,0.52,71.02
8505,ELCTRO,464.49,78.66,61.25,13.19,70.74
7601,UNWROUGHT ALUMINIUM,1334.73,118.15,4277.11,320.45,70.55
4002,"SYNTHETIC RUBBER AND FACTICE DERIVED FORM OILS, IN PRIMARY FORMS OR IN PLATES,      SHEETS OR STRIP; MIXTURES OF ANY PRO",1456.10,18.52,144.55,9.93,70.45
4004,"WASTE, PARINGS AND SCRAP OF RUBBER (OTHER THAN HARD RUBBER) AND POWDERS AND GRANULES OBTAINED THEREFROM",214.40,371.98,5.36,2.50,70.45
8424,MCHNCL APPLNCS (W/N HND,640.13,65.90,173.11,27.04,70.35
8454,"CNVRTRS,LADLS,INGOT MOULDS AND CASTNG MCHNS USD IN METALLURGY/IN METAL FOUNDRIES",349.04,116.61,48.07,13.77,70.30
7219,FLT,1505.33,31.54,460.08,30.56,70.05
8401,"NUCLEAR REACTRS;FUEL ELMNTS (CARTRIDGES), NON",184.42,778747.17,0.91,0.50,69.97
3502,ALBUMINS ALBUMINTS AND OTHR ALBUMIN DRVTVS,307.96,112.47,22.94,7.45,69.85
8481,"TAPS, COCKS, VALVES AND SIMILAR APPLIANCES FOR PIPES, BOILER SHELLS, TANKS, VATS OR THE LIKE, INCLUDING PRESSURE",2423.43,44.68,2839.55,117.17,69.67
8527,RECEPTION APPARATUS FOR RADIO,317.53,97.90,27.94,8.80,69.65
8544,"INSULATED (INCL ENAMELLED OR ANODISED) WIRE, CABLE (INCL CO",1781.27,62.16,2871.34,161.20,69.60
0804,"DATES, FIGS, PINEAPPLES, AVOCADOS, GUAVAS, MANGOES, AND MANGOSTEENS, FRESH OR DRIED",623.21,62.26,156.88,25.17,69.59
8901,"CRUISE SHIPS, EXCURSION BOATS , FERRY",1273.47,70.34,1639.03,128.71,69.59
2503,"SULPHUR OF ALL KINDS, OTHER THAN SUBLIMED SULPHUR, PRECIPITATED SULPHUR AND         COLLODIAL SULPHUR",776.36,63.72,329.36,42.42,69.55
8419,"MCHNRY,PLNT/LABORATORY EQPMNT,W/N ELCTRCLYHEATD,FR HEATNG,COOKNG,ETC,EXCL MCHNRY FR DOMSTC PURPS;STORG WTR HEATRS,NON",1468.72,56.80,1390.14,94.65,69.47
2917,"PLYCRBOXYLC ACDS,THR ANHYDRDS,HALIDES,    PEROXIDES ANDPEROXYACDS,OTHR HALGNTD SLPHNTDNITRATED OR NITROSATED DERIVATIVES",1993.25,9.90,308.95,15.50,69.32
7207,SEMI,511.22,3698.31,496.46,97.11,69.27
8466,"PRTS AND ACCSSRS SUITBL FR USE WTH MCHNS OF HDG NOS8456 TO 8465,INCL WRK/TOOL  HOLDRS,SLF",872.77,47.13,259.06,29.68,69.21
7326,OTHER ARTICLES OF IRON OR STEEL,1261.48,64.30,1390.78,110.25,68.96
8411,TURBO,4108.40,39.88,5672.06,138.06,68.86
3907,"POLYACETALS, OTHER POLYETHERS AND EPOXIDE RESINS,",2732.95,9.73,736.05,26.93,68.58
2902,CYCLIC HYDROCARBONS,2819.81,20.79,1449.76,51.41,68.40
8703,MOTR CARS AND OTHR MOTR VHCLS FR TRNSPRT OF PERSONS(EXCL OF 8702)INCL RCNG CARS ETC,991.55,189.58,9040.19,911.72,68.23
8533,ELCTRCL RESISTORS(INCL RHEOSTATS AND        POTENTIOMETERS)OTHR THN HTNG RESISTORS,495.21,49.06,60.02,12.12,67.72
2704,COKE AND SEMI,1160.14,6.97,36.38,3.14,67.65
4702,"CHEMICAL WOOD PULP, DISSOLVING GRADES",764.38,11.97,0.00,0.00,67.47
8421,"CENTRIFUGES, INCLUDING CENTRIFUGAL DRYERS; FILTERING OR PURIFYING MACHINERY AND     APPARATUS, FOR LIQUIDS OR GASES",1872.45,29.69,1186.94,63.39,67.39
7901,UNWROUGHT ZINC,802.00,73.48,811.74,101.21,66.96
3920,"OTHER PLATES, SHEETS, FILM, FOIL AND      STRIP, OF PLASTICS, NON",2078.66,24.62,1274.60,61.32,66.89
5403,"ARTIFICIAL FILAMENT YARN(EXCL SEWING      THREAD),NOT PUT UP FOR RETAIL SALE,INCL   ARTIFICIAL MONOFILAMENT OF < 67 DECI",456.08,48.36,49.46,10.84,66.61
8535,"ELCTRCL APPRTS FR SWTCHNG/PROTCTNG ELCTRCLCIRCUITS ETC.(E.G. SWTCHS,FUSES,LIGHTNING ARRESTERS ETC)FR A VLTG EXCDG 1000 V",407.15,262.88,328.90,80.78,66.55
8431,PRTS SUITBL FR USE SOLELY/PRNCPLY WTH THE MCHNRY OF HDGS.NOS.8425 TO 8430,1973.95,27.84,1507.50,76.37,66.38
9401,"SEATS (OTHER THAN THOSE OF HEADING 9402), WHETHER OR NOT CONVERTIBLE INTO BEDS, AND PARTS THEREOF",672.30,59.43,345.37,51.37,66.28
2905,"ACYCLIC ALCOHOLS AND THEIR HALOGENATED,   SULPHONATED, NITRATED OR NITROSATED       DERIVATIVES",2752.26,-0.94,515.11,18.72,66.28
4403,"WOOD IN THE ROUGH, WHETHER OR NOT STRIPPED OF BARK OR SAPWOOD, OR ROUGHLY SQUARED",1013.03,3.46,5.87,0.58,66.18
3904,"POLYMERS OF VINYL CHLORIDE OR OF OTHER    HALOGENATED OLEFINS, IN PRIMARY FORMS",2686.12,-13.81,278.97,10.39,66.18
8474,"MCHNRY FR SORTNG,SCRENG,SEPARTNG,WASHNG,  CRSHNG ETC OF MNRL SUBSTNCS,IN SOLID FORM MCHNS FR SHPNG MNRL FUELANDFRMNG MLD",715.89,95.48,953.44,133.18,66.12
3815,"REACTION INITIATORS, REACTION ACCELERATORS AND CATAL PREPARATIONS, NOT ELSEWHERE    SPECIFIED OR INCLUDED",907.56,26.88,200.29,22.07,65.98
5301,"FLUX,RAW OR PRCSSD BUT NT SPUN;FLAX TOW AND WAST(INCL YARN WAST AND GARNTTD STOCK)",218.43,95.82,14.10,6.46,65.82
8514,INDSTRL/LABORATORY ELCTRC(INCL INDUCTN/   DIELCTRC)FURNACES ETC;OTHR INDSTRL/       LABORATORY INDUCTN/DIELCTRC HTNG EQP,311.50,175.11,132.86,42.65,65.72
3822,"DIAG./LAB REAGNT ON A BCKNG,PRPRD DIAG./LAB REAGNTS WH/NOT ON BACKNG ,WHTR OR NT IN THE FORM OF  KIT EXCL HDNG 3006,",1055.52,20.45,243.93,23.11,65.67
7203,"FERUS PRDCTS FROM DIRECT REDUCTN OF IRON  ORE AND OTHR SPNGY FERS PRDCTS IN LMPS,PLLTSETC; >=99.94% PURE IRON BY WT IN L",400.00,2635.62,471.85,117.96,65.60
9032,AUTMTC REGLTNG/CONTRLNG INSTRMNTS AND APRTS,1180.32,28.63,547.08,46.35,65.60
8459,MCHN,214.80,119.02,22.48,10.46,65.49
8001,UNWROUGHT TIN,489.77,32.77,25.03,5.11,65.44
8541,"SEMCOND DVS[SCD]( DIOD,TRNSTR,TRNSDCER); P SENST [SCD],P VOLT IF WITH MDL/ OF PNEL, LED,IF WITH LED;MTD PIEZO",6154.48,-22.54,1206.13,19.60,65.40
4707,RECOVERED (WASTE AND SCRAP) PAPER OR      PAPERBOARD,1389.22,-24.95,0.05,0.00,65.36
2602,MN ORES AND CONCENTRATS INCLDNG FERRUGINS MN    ORS AND CONCNTRTS WTH MN CNTNT 20 PERCNTOR MORE CALCULTED ON THE DRY WEI,1224.07,-5.26,14.92,1.22,65.32
2707,OILS AND OTHER PRODUCTS OF THE            DISTILLATION OF HIGH TEMPERATURE COAL TAR SIMILAR PRODUCTS IN WHICH THE WEIGHT,1244.12,13.99,318.13,25.57,65.24
8460,"MACHTOOLS FOR DEBURNG,SHARPN,GRINDG, POLISHING OR OTH FNSH METAL,OR CERMETS BY MEANS OF GRINDING STONES",276.34,83.02,37.52,13.58,65.11
3926,OTHER ARTICLES OF PLASTICS AND ARTICLES OF OTHER MATERIALS OF HEADINGS 3901 TO 3914,1491.74,24.42,824.72,55.29,65.09
4407,"WOOD SAWN OR CHIPPED LENGTHWISE, SLICED OR PEELED, WHETHER OR NOT PLANED, SANDED OR ENDJOINTED, OF A THICKNESS EXCEEDING",516.23,26.00,11.15,2.16,65.02
8458,LATHES (INCLUDING TURNING CENTRES) FOR    REMOVING METAL,292.78,83.04,48.67,16.62,64.99
8482,BALL OR ROLLER BEARINGS,1568.72,20.49,813.23,51.84,64.93
2941,ANTIBIOTICS,1866.32,11.40,912.88,48.91,64.64
4810,PAPR/PAPRBORD COATD ON ONE/BOTH SIDES     WITHKALN/OTHR INORG SUBSTS AND NO OTR COATNG W/NSURFCE COLRD/DECORTD/PRNTD IN,728.55,44.78,370.77,50.89,64.58
7318,"SCRWES,BOLTS,NUTS,COACHSCREWS,SCREW HOOKS RIVETS,COTTERS,COTTER",1151.33,34.40,864.35,75.07,64.53
5903,"TXTL FBRCS IMPRGNTD,COATD,CVRD/LAMNTD     WTH PLASTICS EXCL THOSE OF HDG NO. 5902",521.28,58.87,243.56,46.72,64.50
8412,OTHER ENGINES AND MOTORS,736.12,63.76,720.52,97.88,64.45
7115,OTHER ARTICLES OF PRECIOUS METAL OR OF,140.92,2810.55,2.99,2.12,64.38
8413,"PUMPS FOR LIQUIDS, WHETHER OR NOT FITTED  WITH A",1622.34,28.02,1604.83,98.92,63.82
9002,"PRISMS,MIRRORS AND OTHR OPTCL ELMNTS,UNMNTD BEING PRTS OR FTTNGS FOR INSTRMNTS/APPRTS OTHR THN SUCH ELMNTS OF GLS,NT OPT",232.36,90.40,32.95,14.18,63.67
8463,OTHER MACHINE,185.88,152.89,21.29,11.46,63.40
9801,PROJECT GOODS,1060.24,-21.81,1.78,0.17,63.39
7005,FLOT AND SRFC GRND/POLSH GLS TN SHTS WH/NT  HAVNG AN ABSRBNT REFLCTNG/NON,299.38,73.58,74.43,24.86,63.21
8207,INTRCHANGBL TOOLS FOR HND TOOLS W/N POWR  OPERATD OR FOR MACHIN TOOL(E.G.FOR PRESNG STAMPING ETC.)DIES FR DRILNG/BORNG T,744.12,36.48,365.00,49.05,62.79
8528,"RECEPTION APARATUS,WH/NOT INCORPRTNG RADIOBRODCST RECIVRS/SOUND/VIDEO RCORDNG/      REPRODUCING APARATUS,VIDEO MONITORS",1098.05,5.68,203.04,18.49,62.76
8409,PARTS SUITABLE FOR USE SOLELY OR          PRINCIPALLY WITH THE ENGINES OF HEADING   8407 OR 8408,1689.26,22.49,1760.38,104.21,62.50
3002,"HUMN,ANML,BLD FR MDCNL USE; MDFD IMUNLGCL PRDT W/N_BITECH PRCS;VCCNS,TXNS,CLTR_MCRGNSM,ETHER SMLR P; CELL CLTR ,W/N MDFD",1587.13,29.77,2246.68,141.56,62.48
6005,"WARP KNIT FABRICS (INCLUDING THOSE MADE ON GALLOON KNITTING MACHINES), OTHER THAN   THOSE OF HEADINGS 6001 TO 6004",200.21,90.81,24.95,12.46,62.36
8451,"0THER PARTS OF HOUSEHOLD LAUNDRY TYPE MCHNETCANDMCHNS FR APPLYNG PST TO BASE FBRC ETC;MCHNS FR RLNG,UNRLNG,FLDNG/CTTNG T",326.83,57.50,75.55,23.12,62.26
6902,"REFRACTORY BRICKS, BLOCKS, TILES AND      SIMILAR REFRACTORY CERAMIC CONSTRUCTIONAL GOODS, OTHER THAN THOSE OF SILICEOUS",333.90,94.81,194.58,58.27,62.23
2515,"MARBLE, TRAVERTINE, ECAUSSINE AND OTHER   CALCAREOUS MONUMENTAL OR BUILDING STONE OF AN APPARENT SPECIFIC GRAVITY OF 2.5",353.06,42.61,49.31,13.97,62.13
4001,NATRL RUBR BALATA GUTTAPERCHA ETC AND SMLR  NATRL GUMS IN PRMRY FRMS/IN PLTS SHTS/STRP,893.19,-13.51,5.85,0.65,62.05
2901,ACYCLIC HYDROCARBONS,1039.97,3.76,158.40,15.23,61.95
8467,"TOOLS FOR WORKING IN THE HAND, PNEUMATIC, HYDRAULIC OR WITH SELF",599.60,36.09,244.82,40.83,61.93
7505,"NICKEL BARS, RODS, PROFILES AND WIRE",223.50,106.27,61.30,27.43,61.87
2814,"AMMONIA, ANHYDROUS OR IN AQUEOUS SOLUTION",1079.87,-31.55,7.31,0.68,61.85
8461,MCHN,189.21,85.69,19.25,10.17,61.40
3909,AMINO,889.21,9.88,210.17,23.64,61.34
8444,"MCHNS FR EXTRUDING,DRAWING,TEXTURING OR   CUTTING MAN",154.51,165.74,17.18,11.12,61.22
9403,OTHER FURNITURE AND PARTS THEREOF,637.27,64.74,1110.18,174.21,61.17
5402,"HIGH TENACITY YARN OF NYLON OR OTHER POLYAMIDES, WHETHER OR NOT TEXTURED",1016.23,23.61,634.37,62.42,60.96
2906,"CYCLIC ALCOHOLS AND THEIR HALOGENATED,    SULPHONATED, NITRATED OR NITROSATED       DERIVATIVES",321.72,107.66,265.53,82.53,60.89
1301,"LAC;NATURL GUMS,RESNS,GUM",311.56,63.83,104.66,33.59,60.76
2521,"LIMESTONE FLUX; LIMESTONE AND OTHER       CALCAREOUS STONES, OF A KIND USED FOR THE MANUFACTURE OF LIME OR CEMENT",689.51,7.63,71.62,10.39,60.68
3506,PRPD GLUES AND OTHR PRPD ADHSVS NES/INCLDD  PRDCTS FOR USE AS GLUES/ADHSVS PUT UP FOR RETL SALE AS GLUES/ADHSVS NT EXCDN,403.27,42.35,125.38,31.09,60.20
7605,ALUMINIUM WIRE,315.97,475.31,722.80,228.75,60.02
1207,"OTHER OIL SEEDS AND OLEAGINOUS FRUITS,    WHETHER OR NOT BROKEN",310.82,302.48,545.63,175.54,59.97
8209,"PLTES STIKS TIPS AND LIKE FOR TLS,UNMOUNTD  OF CERMETS",344.17,48.70,107.59,31.26,59.93
3912,"CELLULOSE AND ITS CHEMICAL DERIVATIVES,   NOT ELSEWHERE SPECIFIED OR INCLUDED, IN   PRIMARY FORMS",643.83,23.10,213.91,33.23,59.80
2522,"QUICKLIME, SLAKED LIME AND HYDRAULIC LIME, OTHER THAN CALCIUM OXIDE AND HYDROXIDE OF HEADING 2825",112.47,589.62,5.26,4.67,59.79
3906,ACRYLIC POLYMERS IN PRIMARY FORMS,808.14,10.37,249.29,30.85,59.49
8805,AIRCRAFT LAUNCHING GEAR; DECK,163.71,114.31,25.36,15.49,59.34
8408,COMPRESSION,685.77,51.24,1378.01,200.94,59.24
7902,ZINC WASTE AND SCRAP,251.84,32.96,2.08,0.82,59.16
3304,PRPNS FOR BEAUTY/MAKE UP FOR CARE OF SKN  (EXCPTNG MEDICAMNTS) INCLDG SUN SCREEN OR SUN TAN PEDICURE/MANICURE,483.51,44.53,295.69,61.15,59.16
8549,ELCTRICAL AND ELECTRONIC WASTE AND SCRAP,553.19,0.00,9.57,1.73,59.06
1520,"GLYCEROL, CRUDE; GLYCEROL WATERS AND      GLYCEROL LYES",154.54,69.73,2.96,1.92,58.99
7304,"TUBES, PIPES AND HOLLOW PROFILES,         SEAMLESS, OF IRON (OTHER THAN CAST IRON)  OR STEEL",890.26,18.02,530.31,59.57,58.84
8547,INSLTNG FTTNGS FR ELCTRCL MCHNS ETC.      ELECTRCL CONDUIT TUBING AND JOINTS THEROF   OFBSE MTL LINED WTH INSLTNG MATRL,307.95,45.42,71.57,23.24,58.83
8439,MCHNRY FR MKNG PULP OF FIBROUS CELLULOSIC MTRL/FR MKNG/FNSHNG PAPER/PAPERBOARD,222.84,69.87,64.75,29.06,58.74
3817,MXD ALKYLBENZEBES AND MXD ALKYLNAPHTHALENES OTHR THAN THOSE OF HDG NO. 2707/2902,468.12,4.15,3.70,0.79,58.73
3903,"POLYMERS OF STYRENE, IN PRIMARY FORMS",548.23,11.29,89.23,16.28,58.69
8529,PRTS SUITBL FR USE SOLELY/PRNCPLLY        WTH APPRTS OF HDGS NOS 8525 TO 8528,1576.28,-44.39,269.06,17.07,58.66
8427,FORK,255.67,89.31,142.99,55.93,58.64
9701,"PNTG DRNG AND PASTEL BY HAND,EXCL DRNG OF HDG 4906 AND EXCL HNDPRNT/HND DCRT  MNFTD  ARTCL COLLAGE, MOSAIC AND SMLR DCOR",192.75,313.09,134.74,69.91,58.41
3403,LUBRCTNG PRPNS AND PRPNS FR THE TRTMNT OF   TXTL MATRLS LETHR FURSKNS/OTHR MATRLS NT  CNTNG 70% MORE BY WT PETROLM OIL E,467.38,18.33,67.22,14.38,58.35
4016,OTHER ARTICLES OF VULCANISED RUBBER OTHER THAN HARD RUBBER,833.84,25.42,719.96,86.34,58.18
9003,"FRAMES AND MOUNTINGS FOR SPECTACLES,      GOGGLES OR THE LIKE, AND PARTS THEREOF",146.88,70.33,3.88,2.64,58.12
7607,ALMNM FOIL(W/N PRNTD/BCKD WTH PAPR        PAPRBOARD,786.19,11.91,342.88,43.61,58.05
4811,"PAPR PAPRBORD CELULOSE WADING AND WEBS OF CELULOSE FIBRS COATD IMPRGNTD ETC OTHR THNHDNG 4803,4809,4810",517.07,34.06,306.47,59.27,58.00
7801,UNWROUGHT LEAD,747.14,40.66,1260.90,168.76,57.98
7102,"DIAMONDS, WHETHER OR NOT WORKED, BUT NOT  MOUNTED OR SET",16408.69,-40.41,12444.30,75.84,57.98
5502,ARTIFICIAL FILAMENT TOW,97.24,165.08,0.01,0.02,57.97
3908,POLYAMIDES IN PRIMARY FORMS,699.35,-4.52,64.28,9.19,57.80
3206,OTHR COLOURNG MATTER INORGANIC PRDCT OF   KIND USED AS LUMINPHORS W/N DFND CHMCLLY,1078.78,-10.32,276.26,25.61,57.69
7226,FLT,195.76,46.92,13.18,6.73,57.62
2207,"UNDENATURED ETHYL ALCOHOL OF AN ALCOHOLIC STRENGTH BY VOLUME OF 80% VOL. OR HIGHER; ETHYL ALCOHOL AND OTHER SPIRITS, DEN",407.20,17.51,54.36,13.35,57.29
8415,"AIRCONDTNG MCHNS,CMPRSNG MOTR",884.44,11.67,540.09,61.07,57.21
7502,UNWROUGHT NICKEL,606.81,-18.26,8.69,1.43,57.07
3214,"GLAZIERS PUTTY, GRFTNG PUTTY RESIN CEMENTSMASTICS PNTRS FILLINGS ETC NON",199.80,52.56,29.66,14.84,56.83
0901,"COFFEE, WHETHER OR NOT ROASTED OR         DACAFFEINATED; COFFEE HUSKS AND SKINS;    COFFEE SUBSTITUTES CONTAINING COFFEE",316.34,141.21,1405.88,444.43,56.71
3910,SILICONES IN PRIMARY FORMS,395.88,20.16,66.59,16.82,56.55
8908,VSSLS AND OTHR FLOATNG STRCTRS FR BREAKNG UP,556.75,-32.69,0.00,0.00,56.51
2202,"WTRS,INCL MNRL WTRS,ARTD WTRS,CNTNG ADDED SUGAR/SWTNG MTR/FLVRD,OTHR NON ALCHLC BVRG NT INCL FRUIT,NUT/VEG JUICE OF 2009",266.43,48.98,86.70,32.54,56.50
8531,ELCTRC SOUND/VISUAL SIGNLLNG APPRTS(E.G.  BELLS SIRENS ETC.)OTHR THN THOSE OF       HDG NO.8512/8530,292.80,40.89,82.16,28.06,56.48
8438,"MCHNRY,N.E.S.,FR INDSTRL PRPTN/MNFCTR OF  FOOD/DRNK,EXCL MCHNRY FR EXTRCTN/PRPRTN OFANML/FXD VGTBL FATS/OILS",325.04,60.31,264.69,81.43,56.41
9101,WRIST,123.47,104.68,10.31,8.35,56.31
8108,"TITANIUM AND ARTICLES THEREOF, INCLUDING  WASTE AND SCRAP",168.33,56.63,12.93,7.68,56.03
8452,"SEWNG MCHNS,EXCL BOOK",363.68,21.54,65.79,18.09,55.97
4202,"TRUNKS, SUIT",504.32,58.75,1591.18,315.51,55.93
3823,INDSTRL MONOCARBOXYLC FATY ACIDS ACID OILSFROM REFINING INDUSTRIAL FATTY ALCOHOL,965.91,1.83,470.00,48.66,55.90
2309,PREPARATIONS OF A KIND USED IN ANIMAL     FEEDING,712.17,17.93,494.90,69.49,55.79
9506,"ARTCLS AND EQPMNT FR GYMNSTCS,ATHLTCS,OTHR  SPORTS(INCL TABLETENNIS)/OUTDOOR GAMES,   N.E.S.;SWIMMING POOLS AND PADDLING",373.11,37.16,201.87,54.10,55.67
2929,COMPOUNDS WITH OTHER NITROGEN FUNCTION,336.70,14.10,34.31,10.19,55.47
8456,MCHN,278.74,21.65,18.94,6.79,55.42
3811,ANTI,406.56,46.89,417.12,102.60,55.31
2520,GYPSUM ANHYDRITE PLASTERS (WTH CAL GYPSUM OR CAL SLPHT)W/N CLRD WTH/WTHOUT SMALL    QUANTITIES OF ACCELERATORS/RETARDERS,206.72,30.29,7.34,3.55,55.14
3303,PERFUMES AND TOILET WATERS,208.87,177.42,285.48,136.68,55.14
2710,PETROLEUM OILSAND OILS OBTND FRM BITMNS     MNRLOTHER THAN CRUDE PRPN NES;CNTNG70% OR MOREBY WEIGHT OF THESE OILS,9319.65,-6.71,52973.29,568.40,54.99
8475,"MCHNS FR ASSMBLNC ELCTRC/ELCTRNC LAMPS,   TUBES/VALVE/FLASH",195.16,106.91,147.70,75.68,54.96
7019,"GLSS FBRS(INCL GLSS WOOL) AND ARTCL THEROF  (E.G. YARN,ROVINGS, WOVN FBRCS)",452.57,23.31,204.04,45.08,54.76
2617,OTHER ORES AND CONCENTRATES,83.51,314.57,2.18,2.62,54.73
8516,ELCTRC WTR AND IMRSN HTR ; ELCTRC SPACES AND  HTNG APRTS;ELCTRO THRMIC HAIR DRSSNG APRTSANDHND DRYRS;SMLR ELCTRC APLNCS,551.67,4.13,145.92,26.45,54.71
8506,PRIMARY CELLS AND PRIMARY BATTERIES,122.42,94.05,14.49,11.84,54.69
6815,ARTCLS OF STON/OF OTHR MNRL SUBSTNCS(INCL CRBN FIBR ARTCLS OF CRBN FIBR AND PEAT)N.E.S,371.59,26.68,133.61,35.96,54.61
7506,"NICKEL PLATES, SHEETS, STRIP AND FOIL",137.57,64.45,9.31,6.77,54.60
2804,"HYDROGEN, RARE GASES AND OTHER NON",473.89,-10.59,14.00,2.95,54.55
2840,BORATES; PEROXOBORATES (PERBORATES),120.95,77.87,8.51,7.04,54.46
4804,UNCOTD KRFT PAPR AND PAPRBORD IN ROLS OR  SHEETS OTHR THAN HEDNG NO. 4802/4803,290.76,40.15,115.62,39.76,54.36
2933,HETEROCYCLIC COMPOUNDS WITH NITROGEN,2348.21,-7.74,4363.38,185.82,54.23
2915,"SATRTD ACYLC MONOCRBOXYLIC ACIDS AND THR    ANHYDRTDS,HALIDS,PEROXIDS AND PEROXY ACIDS; THR HALGNTD SLPHNTD NITRTD/NITRS",1439.03,-37.08,687.99,47.81,54.10
2008,"FRUITS NUTS AND OTHER EDIBLE PARTS OF       PLANTSOTHRWISE PREPD/PRSVD, W/N SWEETND N.E.S.",195.92,282.52,365.96,186.79,54.08
5407,WOVN FBRCS OF SYNTHTC FILAMENT YARN INCL  WOVN FBRCS OBTND FROM MTRLS OF HDG NO.5404,408.67,49.93,873.54,213.75,53.87
6310,"USD/NEW RAGS,SCRP TWNE,CORDGE,ROPE AND      CBLS AND WORN OUT ARTCLS OF TWNE,CORDGE,    ROPE/CBLS,OF TEXTILE MATERIALS",271.33,16.25,20.95,7.72,53.77
8112,"Be, Cr, Hf, Re, TI, Cd, Ge, V, Ga, In AND Nb (Nb)ARTICLES OF THESE METALS, INCLUDING WASTE AND SCRAP",87.68,201.16,5.11,5.83,53.72
8502,ELECTRIC GENERATING SETS AND ROTARY       CONVERTERS,249.94,125.72,751.44,300.65,53.64
8512,ELECRCL LIGTNG/SIGNALLING EQPMNT          (EXCL ARTCLS OF HD NO.8539)WIND SCRN ETC  USED FOR CYCLES/MOTOR VEHICLES,539.02,12.89,300.25,55.70,53.52
3916,MNFILMNT OF WHICH ANY CROSS,152.80,77.75,44.11,28.87,53.47
4802,"UNCOTD PAPR AND PAPRBORD FOR WRTNG,PRNTNG ORGRPHIC PRPSES,PNCH CRD STCKANDPNCH TPE PAPR OF HDNG 4801/4803 ; HND",234.30,80.89,291.13,124.26,53.31
8905,LIGHT,1618.57,-29.98,1302.63,80.48,53.29
2818,"ARTIFICIAL CORUNDUM, WHETHER OR NOT       CHEMICALLY DEFINED; ALUMINIUM OXIDE;      ALUMINIUM HYDROXIDE",1190.88,3.86,1700.55,142.80,53.02
8545,"CRBN ELCTRDS,CRBN BRSHS,LAMP CRBNS ETC.   OTHR ARTCLS OF GRAPHITE/OTHR CRBN,WTH/    WTHOUT MTL OF A KND USED FOR ELCTRCL",337.67,40.04,264.60,78.36,53.01
2842,"OTHER SALTS OF INORGANIC ACIDS   OR       PEROXOACIDS,EXCLUDING AZIDES",105.97,138.81,19.38,18.29,52.98
8448,"AUXLRY MCHNRY USD WTH MCHNS OF HDG 8444,  8445,8446/8447;PRTS AND ACCSSRS USD WTH     THIS HDG/OF HDG 8444,8445,8446/844",479.22,5.95,133.65,27.89,52.96
1801,"COCOA BEANS, WHOLE OR BROKEN, RAW OR      ROASTED",117.99,61.87,2.33,1.98,52.93
3208,"PAINT VARNSHS (INCL ENML AND LACQR) BSD ON  SYNTIC PLYMR/CHMLY MDFD NATRL PLYMR,DSPRS OR DSLVD NON ACEUS MDUM SLTN IN VO",314.64,27.89,105.99,33.69,52.89
8441,"OTHER MACHINERY FOR MAKING UP PAPER PULP, PAPER OR PAPERBOARD, INCLUDING CUTTING    MACHINES OF ALL KINDS",336.03,12.29,67.35,20.04,52.89
5002,RAW SILK (NOT THROWN),147.05,34.00,0.25,0.17,52.78
7612,"ALMNM CSKS,DRMS,CANS ETC(INCL CLPSBL TBLR CONTNRS)FR ANY MTRL(EXCL GAS),OF<=300L,W/ NW/N LIND BUT NT FTD WTH MHCHNCL/THR",131.70,301.81,73.40,55.73,52.74
4705,WOOD PULP OBTAINED BY A COMBINATION OF    MECHANICAL AND CHEMICAL PULPING PROCESSES,309.39,-5.11,0.00,0.00,52.60
3810,"PICKLING PREPARATIONS FOR METAL SURFACES; FLUXES AND OTHER AUXILIARY PREPARATIONS   FOR SOLDERING, BRAZING OR WELDING; S",122.33,80.15,20.15,16.47,52.50
7210,FLT,923.57,2.43,822.32,89.04,52.33
3917,"TUBES, PIPES AND HOSES, AND FITTINGS      THEREFOR (FOR EXAMPLE, JOINTS, ELBOWS,    FLANGES), OF PLASTICS",352.12,36.34,313.43,89.01,52.21
4805,"OTHER UNCOATED PAPER AND PAPERBOARD, IN   ROLLS OR SHEETS, NOT FURTHER WORKED OR    PROCESSED THAN AS SPECIFIED",255.72,37.83,113.89,44.54,52.08
2716,ELECTRICAL ENERGY,308.77,69.83,1368.26,443.13,51.62
2937,"HORMONES, PROSTAGLANDINS, THROMBOXANES AND LEUKOTRIENES, NATURAL OR REPRODUCED BY   SYNTHESIS; DERIVATIVES AND STRCTRAL",418.97,24.10,328.97,78.52,51.39
3905,"POLYMERS OF VINYL ACETATE OR OF OTHER     VINYL ESTERS, IN PRIMARY FORMS; OTHER     VINYL POLYMERS IN PRIMARY FORMS",444.07,-10.14,55.45,12.49,51.34
9004,"SPECTACLES, GOGGLES AND THE LIKE,         CORRECTIVE, PROTECTIVE OR OTHER",120.65,95.44,34.31,28.44,51.16
2529,FELSPAR LEUCITE NEPHELINE AND NEPHELINE     SYENITE FLUORSPAR,170.60,62.37,72.73,42.63,51.14
7307,"TUBE OR PIPE FITTINGS (FOR EXAMPLE,       COUPLINGS, ELBOW SLEEVES), OF IRON OR     STEEL",437.37,39.39,1152.21,263.44,51.04
8465,MCHN,179.18,48.03,51.75,28.88,51.02
0907,"CLOVES (WHOLE FRUIT, CLOVES AND STEMS)    CLOVES (WHOLE FRUIT, CLOVES AND STEMS):",181.79,29.17,14.76,8.12,51.01
2811,OTHER INORGANIC ACIDS AND OTHER INORGANIC OXYGEN COMPOUNDS OF NON,178.95,70.08,111.91,62.54,50.99
9001,"OPTCL FIBR AND OPTCL FIBR BUNDLS ETC;SHTS AND PLTS OF POLRSNG MTRL;LNSS;PRSMS,MIRRORS   AND OTHR OPTCL ELMNTS OF ANY MTR",374.21,40.80,733.35,195.97,50.91
7018,"GLS BEADS,IMTN PRLSANDPRCS STNS,SMLR ARTCLS EXCL IMTN JWLRY;GLS EYES;STATUETTSANDOTHR   SMLR GLS;GLS MICROSCOPES WTH DIA",146.68,56.93,33.17,22.61,50.89
5101,WOOL NOT CARDED OR COMBED,230.65,3.55,0.67,0.29,50.89
6406,"PRTS OF FTWEAR RMVBL IN SOLES,HEEL CUSHNS AND SMLR ARTCLS;GAITRS LEGGINGS AND SMLR      ARTICLES, AND PRTS THEREOF",194.91,90.49,271.61,139.35,50.79
8508,VACUUM CLEANERS,124.27,46.46,6.40,5.15,50.55
8430,"OTHR MOVNG,GRDNG,LEVLNG,SCRPNG,EXCVTNG,   TMPNG,CMPCTNG,EXTRCTNG/BORNG MCHNRY,FR    EARTH,MNRLS/ORES;PILE",485.74,8.76,286.80,59.04,50.45
0808,"APPLES, PEARS AND QUINCES, FRESH",348.07,-15.47,16.06,4.61,50.36
2916,"UNSATURATED ACYCLIC MONOCARBOXYLIC ACIDS, CYCLIC MONOCARBOXYLIC ACIDS, THEIR        ANHYDRIDES, HALIDES, PEROXIDES AND P",870.16,-42.63,362.72,41.68,50.12
8302,"BASE METAL MOUNTINGS, FITTINGS AND SIMILAR ARTICLES SUITABLE FOR FURNITURE, DOORS,  STAIRCASES, WINDOWS, BLINDS, COACHWO",555.68,6.65,453.47,81.61,50.08
3402,ORGNC SURFACE,493.40,23.23,643.56,130.43,50.03
7104,"SYNTHETIC OR RECONSTRUCTED PRECIOUS OR    SEMIPRECIOUS STONES, WHETHER OR NOT WORKED OR GRADED BUT NOT STRUNG, MOUNTED O",1156.87,-21.03,1227.98,106.15,50.03
3215,"PRINTING INK, WRITING OR DRAWING INK AND  OTHER INKS, WHETHER OR NOT CONCENTRATED OR SOLID",266.60,41.60,234.01,87.78,50.02
3808,"INSCTCDS,RDNTCDS,FNGCDS,HRBCDS,ANTSPROUTNGPRDCTS AND PLNTGRWTH RGLTRS",1534.00,-14.62,3870.78,252.33,50.02
4801,"NEWSPRINT, IN ROLLS OR SHEETS",305.71,-11.32,4.25,1.39,49.75
3404,ARTIFICIAL WAXES AND PREPARED WAXES,227.34,30.29,88.54,38.95,49.52
3507,ENZYMES; PREPARED ENZYMES NOT ELSEWHERE   SPECIFIED OR INCLUDED,233.09,31.91,108.65,46.61,49.49
2825,"HYDRAZINE AND HYDROXYLAMINE AND THEIR     INORGANIC SALTS; OTHER INORGANIC BASES;   OTHER METAL OXIDES, HYDROXIDES AND P",351.69,8.98,141.06,40.11,49.44
4809,"CRBN,SLF",53.46,854.74,0.63,1.18,49.37
8418,"RFRGRTRS,FRZRS AND OTHR RFRGRTNG/FRZNG      EQPMNT,ELCTRC/OTHR;HT PUMPS EXCL AIR      CONDTNG MCHNS OF HDG NO.8415",641.80,-8.44,356.94,55.62,49.32
9405,LUMINAIRES AND LIGHTING FTTNGS INCL SEARCH LIGHT AND SPOTLIGHT ETC N.E.S.ILLUMINATD SIGN AND THE LIKE WTH PRMNANT LGHT SORC,465.36,9.01,315.56,67.81,49.29
8707,"BODIES (INCLUDING CABS), FOR THE MOTOR    VEHICLES OF HEADINGS 8701 TO 8705",162.71,48.57,54.76,33.65,49.27
2524,ASBESTOS,218.68,-2.02,0.17,0.08,49.19
3004,"MDCMNTS (EXCL ITMS OF 3002,3005 / 3006)   FR THRPUTC/PRPHYLCTC USES IN MEASURD      DOSESOR IN PCKNGS FR RTL SALE",1629.18,-8.30,21866.01,1342.14,49.14
8309,"STPPRS,CAPS ETC INCL CROWN CORKS,SCRW     CAPSETC CAPSLS FR BOTLS,THRD BUNGS,BUNG   COVRS,SEALS AND OTHR PCKNG ACCSSRS,O",152.04,87.43,129.71,85.31,49.14
7222,"OTHER BARS AND RODS OF STAINLESS STEEL;   ANGLES, SHAPES AND SECTIONS OF STAINLESS  STEEL",189.90,131.03,1119.22,589.36,49.14
3921,"OTHER PLATES, SHEETS, FILM, FOIL AND      STRIP, OF PLASTICS",541.19,4.91,411.77,76.09,49.07
2921,AMINE,939.42,-5.30,1212.54,129.07,49.04
8904,TUGS AND PUSHER CRAFT,264.45,40.43,247.19,93.47,48.99
8603,SELF,56.20,380.61,1.31,2.33,48.94
1806,CHOCOLATE AND OTHER FOOD PREPARATIONS     CONTAINING COCOA,161.42,95.63,186.88,115.78,48.88
7110,PLTNM UNWRGHT/SEMI MNFCTRD/PWDR FORMS,419.71,-16.93,78.92,18.80,48.83
3701,"PHOT PLTS AND FLM IN FLT,SENSTSD,UNEXPSD,   OF ANY MTRL OTHR THN PAPR,PAPRBRD/TXTL;   INSTANT PRNT FLM,FLT SNSTSD,UNEXPS",174.44,25.48,17.29,9.91,48.81
6805,NATRL/ARTFCL ABRSV PWDR ETC OF TXTL MATRLSOF PAPR/PAPERBOARD W/N CUT TO SHAPE ETC,153.00,27.23,8.45,5.53,48.79
8546,ELECTRICAL INSULATORS OF ANY MATERIAL,173.31,81.85,194.54,112.25,48.73
8301,"PDLCKS LOCKS(KEY ETC) OF BASE MTL;CLSPS AND FRMS WTH CLSPS,INCRPRTNG LCKS,OF BASE     MTL;KEYS FOR FRGNG ARTCLS OF BASE",213.08,40.43,130.54,61.26,48.66
9504,"V/GAME  MACH, PARLOUR GAME AND PRTBL,BILLIARD, CASINO AND AUTO BOWLING , MACH BY COIN, B/ NOTE,CARD, TOKEN/ OTHR PMT MODE",111.91,103.64,46.75,41.77,48.61
3302,MXTR/SLTN OF ODORFRS SBSTNS OF A KIND USD AS RAW MTRL IN INDSTRY AND PRPRTN FR MNFCTR OF BEVRGS,270.30,48.92,538.52,199.23,48.56
2907,PHENOLS; PHENOL,620.67,-25.07,282.46,45.51,48.38
7320,"SPRINGS AND LEAVES FOR SPRINGS, OF IRON OR STEEL",186.11,44.12,97.31,52.29,48.00
9014,DIRECTION FINDING COMPASSES; OTHER        NAVIGATIONAL INSTRUMENTS AND APPLIANCES,137.61,137.62,166.94,121.31,47.90
2519,NATRL MAG CARB(MAGNESITE) FUSED           MAGNESIA DEAD,189.63,7.84,7.05,3.72,47.69
2836,CARBNTS;PEROXO CARBNTS (PERCARBNTS);CMMRCLAMMONIUM CARBONATE CONTNG AMMONIUM CARBMTS,370.00,2.18,126.89,34.29,47.69
3911,"PETROLEUM RESINS, COUMARONE",258.36,14.76,89.31,34.57,47.59
8714,PRTS AND ACCSSRS OF VHCLS OF HDG 8711,645.12,6.00,1268.72,196.66,47.49
2932,HTRCYCLC CMPNDS WTH OXYGN HTR,535.28,1.62,436.65,81.57,47.27
7103,PRCS(EXCL DIMONDS)AND SEMI PRCS SOTNS W/N   WRKD/GRD NT STRNG MNTD/SET UNGRD PRCS/SEMIPRCS STONES TMPRLY STRNG FR TRNSPR,822.36,-57.82,458.74,55.78,47.14
0810,"OTHER FRUIT, FRESH",157.00,62.68,123.33,78.55,47.06
2922,OXYGEN,804.70,-27.91,707.88,87.97,46.93
2610,CHROMIUM ORES AND CONCENTRATES,85.40,50.43,1.05,1.23,46.79
8807,"PARTS OF GOODS OF HEADING 8801,8802 OR 8806",767.10,0.00,1553.91,202.57,46.68
2926,NITRILE,471.90,-40.79,110.94,23.51,46.60
6804,"MLSTN ETC WTHT FRMWRKS FR GRNDNG ETC,HND",290.40,3.15,69.00,23.76,46.53
5504,"ARTIFICIAL STAPLE FIBRES, NOT CARDED,     COMBED OR OTHERWISE PROCESSED FOR",240.46,28.03,173.26,72.05,46.33
2903,HALOGENATED DERIVATIVES OF HYDROCARBONS,769.49,-54.19,459.14,59.67,46.21
2939,ALKLDS NATRL/RPRDCD BY SYNTHSIS AND   THR SLTS ETHRS ESTRS AND OTHR DRVTVS,143.27,132.02,379.59,264.95,46.18
9024,"MCHNES AND APLNCS FR TSTNG THE HRDNSS,      STRNGTH,ELSTCTY,COMPRSSBLTY ETC OF MATRLS",126.29,48.12,34.87,27.61,46.17
6204,"WOMENS OR GIRLS SUITS, ENSEMBLES,       JACKETS, BLAZERS, DRESSES, SKIRTS, DIVIDED SKIRTS, TROUSERS, BIB AND BRACE OVE",215.05,65.51,3066.08,1425.72,46.07
8202,HND SAWS;BLDES FOR SAWS OF ALL KINDS      (INCLD SLITNG SLOTNG OR TOTHLES SAW BLADES,213.13,0.31,17.40,8.17,46.00
0302,"FISH, FRESH OR CHILLED, EXCLUDING FISH FILLETS AND OTHER FISH MEAT OF HEADING 0304",95.07,114.04,45.54,47.90,45.97
8437,"MCHN FR CLNG,SRTNG SEED,GRAIN/LGMNS VGTBL;MCHNRY FOR MLNG INDSTRY/FR WRKNG OF CRL/  DRIED LGMNS VEGTBLS,EXCL FARM",207.58,21.72,87.77,42.28,45.85
9019,MCHNO,340.55,-71.79,28.16,8.27,45.47
2807,SULPHURIC ACID; OLEUM,249.83,6.58,69.98,28.01,45.44
4806,VEG PRCHMNT GRESEPROOF PAPRS TRACNG PAPRS AND GLASINE AND OTHR GLAZD TRANSPERNT OR    TRANSLUCNT PAPR IN RELS/SHEETS,119.12,33.50,10.71,8.99,45.44
4104,TANED/CRUST HIDE AND SKIN OF BVNE(INCLDING  BUFFALO) OR EQUINE ANIMAL WITHOUT HAIR WONSPLT BUT NT FURTHER PREPARED,136.95,18.52,2.60,1.90,45.36
3207,"PRPRD PGMNTS OPACIFIR COLRS VTRIFIBL ENML AND GLAZ ENGOBS LQD LUSTR AND SMLR PRPN USD   INCRMIC.ENMLG/GLS INDSTY,FRIT IN",205.19,8.44,46.04,22.44,45.16
8436,"OTHR AGRCLTRL,HRTCLTRL,POLTRY/BEE",112.43,61.42,41.60,37.00,45.12
8511,ELCTRCL IGNTN/STRTNG EQPMNT FR SPRK,385.87,10.36,475.96,123.35,44.98
2918,CRBOXYLC ACDS WTH ADDTNL OXYGN FNCTN      ANHYDRDS HALDS PEROXIDES AND PEROXYACSDS    THRHALGNTD SLPHNTD NITRTD/NITRSTD,560.98,-4.46,707.50,126.12,44.88
3301,"ESNL OLS (CNCRTS/ABSLTS);RSNDS,EXTRTD     OLORGN,CNCNTRTS IN FATS ETC;TRPNC BY",385.76,18.90,898.82,233.00,44.81
9033,"PRTS AND ACCESSORIES FR MACHINES,APPLIANCES,INSTRUMENTS/APPARATUS OF CHAPTER 90,NES",189.04,30.03,98.25,51.98,44.81
3923,ARTCLS FOR THE CNVYNCE/PCKNG OF GOODS     STOPRS LIDS CAPS AND OTHR CLSRS OF PLSTCS,435.72,13.73,1208.66,277.40,44.79
8425,PULLEY TACKLE AND HOISTS OTHER THAN SKIP  HOISTS;,137.14,61.06,91.12,66.44,44.61
1209,"SEEDS, FRUIT AND SPORES, OF A KIND USED   FOR SOWING",191.65,36.85,165.71,86.47,44.53
8429,SLF,511.41,8.77,1768.69,345.84,44.33
2615,"NIOBIUM, TANTALUM, VANADIUM OR ZIRCONIUM  ORES AND CONCENTRATES",156.54,-0.11,0.00,0.00,44.33
2934,"MUCIEIC ACIDS AND THEIR SALTS W/N CHEMICALLYDEFINED , OTHER",762.12,-31.73,887.71,116.48,44.31
2835,"PHOSPHINATES (HYPOPHOSPHITES),            PHOSPHONATES (PHOSPHITES) AND PHOSPHATES; POLYPHOSPHATES, WHETHER OR NOT CHEMI",182.52,12.24,41.87,22.94,44.21
3209,PAINT VARNSHS (INCL ENML AND LACQR) BSD ON  SYNTHTC PLYMR/CHMCLY MDFD NATRL POLYMR    DSPRS/DSLVD IN AQUEOUS MEDIUM,91.78,59.06,17.54,19.11,44.17
1211,"PLNTS AND PRTS OF PLNTS INCLD SEDS AND FRUTS USD FOR PRFUMRY PHRMACY/INSCTCIDL OR SMLR PUR FRSH/DRID, CHLD/FROZ W/N CUT CRSHD",177.03,63.49,464.38,262.32,44.07
4010,CNVYR TRNSMSSN BLTS/BLTNG OF VULCNSD RUBR,165.23,56.23,200.85,121.56,44.00
7308,STRUCTRS(EXCL PREFABRICTD BLDNGS OF HDG   NO.9406)AND PARTS E.G.BRIDGES ROOFS DOORS   TUBES ETC USED IN STRUCTRS OF IRON,546.71,4.17,1752.74,320.60,43.88
3812,PRPD RUBR ACCLRTRS,351.10,-3.07,190.45,54.24,43.83
3925,"BUILDERS  WARE OF PLASTICS, NOT ELSEWHERE SPECIFIED OR INCLUDED",133.82,59.91,96.10,71.81,43.80
4009,"TUBES, PIPES AND HOSES, OF VULCANISED     RUBBER OTHER THAN HARD RUBBER, WITH OR    WITHOUT THEIR FITTINGS (FOR EXAMPLE,",203.83,38.65,275.57,135.20,43.72
3913,NATRL AND MODFD NATRL POLYMERS (E.G.HRDND   PROTEINS CHMCLS DRVTVS OF NATRL RUBR) NES.,103.82,35.50,10.52,10.13,43.62
6806,"SLAG WOOL, ROCK WOOL AND SIMILAR MINERAL  WOOLS; EXFOLIATED VERMICULITE, EXPANDED   CLAYS, FOAMED SLAG AND SIMILAR EXPAN",90.52,72.79,36.57,40.40,43.36
2914,"KTNS AND QUINONES,W/N WTH OTHR OXYGN FNCTN, THR HALGNTD SLPHNTD NITRTD/NITRSTD DRVTVS",546.64,-20.91,564.40,103.25,43.26
9011,"CMPND OPTCL MICROSCOPES,INCL THOSE FR     MCROPHOTOGRPHY,MCROCENMTGRPHY/MICROPRJCTN",101.41,43.02,17.04,16.80,43.24
8432,"AGRCLTRL,HRTCLTRL/FRSTRY MCHNRY FR SOIL   PRPRTION/CLTVTN;LAWN/SPRTS",137.42,78.52,235.20,171.16,43.19
2930,ORGANO,427.65,2.47,524.20,122.58,43.16
7507,"NICKEL TUBES, PIPES AND TUBE OR PIPE      FITTINGS (FOR EXAMPLE, COUPLINGS, ELBOWS, SLEEVES)",76.44,105.45,27.11,35.47,43.04
2518,"DOLOMITE,W/N CALCIND/SINTERD,INCL DOLOMITE RGHLY TRMED/MERLY CUT BY SAWNG/OTRWS INTO BLCKS/SLBS OF RECTAN INCL SQR SHAP",138.22,6.46,2.50,1.81,42.61
2936,"PROVITAMINS AND VITAMINS, NATURAL OR      REPRODUCED BY SYNTHESIS (INCLUDING NATURAL CONCENTRATES), DERIVATIVES THEREOF",255.51,21.36,302.68,118.46,42.48
7202,FERRO,929.22,-43.76,2889.81,310.99,42.40
7228,"OTHR BARS,RODS,ANGLS,SHPS,SCTNS OF OTHR   ALLOY STL,HOLLOW DRILL BARS AND RODS OF     ALLOY OR NON",306.84,-7.21,130.82,42.63,42.30
8487,"MACHINES PARTS, NOT CONTAINING ELECTRICAL CONNECTORS, INSULATORS, COILS, CONTACTS OR OTHER ELECTRICAL FEATURES, NOT SPEC",115.65,102.50,213.52,184.62,42.23
7312,"STRANDED WIRE, ROPES, CABLES, PLAITED     BANDS, SLINGS AND THE LIKE, OF IRON OR    STEEL, NOT ELECTRICALLY",306.74,1.66,179.06,58.38,42.23
8609,CONTAINERS (INCLUDING CONTAINERS FOR THE  TRANSPORT OF FLUIDS) SPECIALLY DESIGNED   AND EQUIPPED FOR CARRIAGE BY ONE OR,179.55,30.19,134.32,74.81,42.20
3006,MISCELLANEOUS PHARMACEUTICAL GOODS,181.67,43.96,284.65,156.68,42.17
2102,YEASTS(ACTIV/INACTIV);OTHR SINGLE CELL    MICRO,57.56,72.57,4.51,7.84,42.05
6004,"KNITD OR CROCHETED FBRCS OF WIDTH.30CM ,  CONTNG ELASTOMERIC YARN/RUBR>=5% BY WT,    EXCPT HDGNO. 6001",140.05,47.67,121.72,86.91,41.82
7608,ALUMINIUM TUBES AND PIPES,93.60,44.09,17.35,18.54,41.75
8308,"CLASPS, FRAMES WITH CLASPS, BUCKLES, BUCKLE",141.51,13.71,22.25,15.72,41.69
8711,"MOTORCYCLES (INCLUDING MOPEDS) AND CYCLES FITTED WITH AN AUXILIARY MOTOR, WITH OR   WITHOUT SIDE",155.86,73.00,3982.74,2555.29,41.60
4823,"OTHER PAPER, PAPERBOARD, CELLULOSE WADDING AND WEBS OF CELLULOSE FIBERS, CUT TO SIZE OR SHAPE; OTHER ARTICLES OF PAPERPU",162.52,61.93,660.94,406.68,41.47
7013,"GLSSWR FR TBL KTCHN,TOLT,OFFC INDOR       DCORTION (EXCL GOODS OF HDG NO 7010/7018)",133.94,33.81,55.87,41.71,41.47
8420,"CALENDERING OR OTHER ROLLING MACHINES,    OTHER THAN FOR METALS OR GLASS, AND       CYLINDERS THEREFOR",71.01,77.77,18.91,26.62,41.32
2523,PORTLAND CEMENT ALMNOUS CEMENT(CEMENT    FONDU)SLAG CEMENT ETC AND SMLR HYDRLC      CEMENTS W/N CLRD/IN THE FO,147.83,19.47,43.01,29.09,41.21
0906,CINNAMON AND CINNAMON,121.77,20.58,16.51,13.56,41.19
9503,OTHR TOYS;RDCD,95.70,166.76,200.89,209.91,41.11
7407,"COPPER BARS, RODS AND PROFILES",172.51,20.17,85.45,49.53,40.83
8539,"ELECTRIC FILAMENT OR DISCHARGE LAMPS,     INCLUDING SEALED BEAM LAMP UNITS AND      ULTRA",176.43,8.31,51.77,29.34,40.71
1702,"OTHER SUGARS, INCLUDING CHEMICALLY PURE   LACTOSE, MALTOSE, GLUCOSE AND FRUCTOSE, IN SOLID FORM; SUGAR SYRUPS NOT CONTAI",149.23,38.64,132.16,88.56,40.69
8442,"MCHNRY,APPRTS AND EQPMNT(EXCL OF 8456       TO 8465),FR TYPE",83.38,49.21,17.99,21.58,40.68
5703,"CARPETS AND OTHER TEXTILE FLOOR COVERINGS(INCLUDING TURF), TUFTED, WHETHER OR NOT MADE UP",141.82,69.49,756.78,533.62,40.68
3805,GUM,188.67,-11.48,21.49,11.39,40.60
9012,MICROSCOPES OTHER THAN OPTICAL            MICROSCOPES; DIFFRACTION APPARATUS,55.26,69.65,4.07,7.36,40.55
7002,"GLASS IN BALLS (OTHER THAN MICROSPHERES OF HEADING 7018), RODS OR TUBES, UNWORKED",174.74,-0.63,23.20,13.28,40.38
8530,"OTHE PARTS OF HDG 8525 TO 8528            EQPMNT FR RLWYS, TRMWYS,ROADWYS,WTRWYS ETC(OTHR THAN THOSE OF HDG NOS.8608)",98.76,43.95,32.37,32.77,40.28
2909,"ETHER PEROXIDES, ACETAL, HEMIACETAL PEROXIDES (W/N CHMCLY DFND)THR HALGNTD SLPHNTD  NITRATED/NITROSATED DRVTVS",315.87,8.19,584.22,184.95,40.25
0908,"NUTMEG, MACE AND CARDAMOMS",152.00,56.54,480.21,315.92,40.00
1513,"COCONUT (COPRA), PALM KERNEL OR BABASSU   OIL AND FRACTIONS THEREOF, WHETHER OR NOT REFINED, BUT NOT CHEMICALLY MODIFIED",187.31,8.22,85.83,45.82,39.90
3305,PREPARATIONS FOR USE ON THE HAIR,118.26,68.24,209.99,177.57,39.88
2530,MINERAL SUBSTANCES NOT ELSEWHERE SPECIFIED OR INCLUDED,94.02,41.03,26.89,28.60,39.85
0602,"OTHER LIVE PLANTS (INCLUDING THEIR ROOTS), CUTTINGS AND SLIPS; MUSHROOM SPAWN",65.31,129.89,34.11,52.23,39.74
8464,MCHN,188.65,-38.06,9.94,5.27,39.52
8105,"COBLT MATTS AND OTHR INTRMDT PRDCTS OF COBLTMETTLRGY,COBLT AND ARTCLS INCL WSTE AND SCRP",112.10,43.07,63.51,56.65,39.47
8445,"MCHNS FR PRPRNG TXTL FBRS;SPNG,TWSTNG ETC MCHNRY FR PRDCNG TXTL YRNS;MCHNS FR PRPRNGTXTL YRNS FR USE ON MCHNS OF 8446/84",286.92,-22.84,136.59,47.61,39.36
6006,OTHER KNITTED OR CROCHETED FABRICS,348.55,-13.54,327.68,94.01,39.29
2910,"EPOXIDES, EPOXYALCOHOLS, EPOXYPHENOLS AND EXPOXYETHERS, WITH A THREE",190.60,-17.38,30.85,16.19,39.21
6110,"JERSEYS, PULLOVERS, CARDIGANS, WAISTCOATS AND SIMILAR ARTICLES, KNITTED OR CROCHETED",148.36,48.43,430.21,289.98,38.96
3504,"PEPTONES AND THEIR DERIVATIVES; OTHER     PROTEIN SUBSTANCES AND THEIR DERIVATIVES, NOT ELSEWHERE SPECIFIED OR INCLUDED;",98.12,47.20,50.33,51.29,38.96
1401,"VEG MATRLS USED PRIMARILY AS PLAITNG (E.G.BAMBOOS RATTANS REEDS RUSHES OSIER ETC    CLND BLCD/DYD CEREAL STRAW,AND LIME",80.68,24.32,0.93,1.15,38.83
9015,"SURVEYING,HYDROGRAPHIC,OCEANOGRAPHIC,     HYDROLOGICAL,METEOROLOGICAL/GEOPHYSICAL   INSTRMNTS AND APPLNCS,EXCL COMPSS;RN",199.61,-2.36,73.92,37.03,38.78
6203,"MENS OR BOYS SUITS,ENSEMBLES,JACKETS BLAZERS,TROUSERS,BIB AND BRACE OVERALLS BREECHES AND SHORTS(OTHER THAN SWIMWEAR)",270.25,16.67,1112.67,411.72,38.56
3821,PRPD CULTR MEDIA FR MICRO,169.60,-4.13,31.30,18.46,38.41
2620,ASH AND RESIDUES EXCL FROM MNFR OF IRON OR  STEEL CONTNG ARSENIC MTLS/MTLIC COMPOUNDS,146.62,0.30,20.36,13.88,38.18
8484,"GASKETS AND SMLR JOINTS OF MTL SHTNG CMBND  WTH OTHR MTRL;SETS/ASSRTMNTS OF GSKTS AND   SMLR JOINTS,PUT UP IN POUCHES,EN",180.00,21.81,194.75,108.19,38.08
7604,"ALUMINIUM BARS, RODS AND PROFILES",196.71,3.89,119.73,60.87,38.03
5503,"SYNTHETIC STAPLE FIBRES, NOT CARDED,      COMBED OR OTHERWISE PROCESSED FOR SPINNING",214.00,7.03,214.72,100.33,37.75
1905,"BREAD, PASTRY, CAKES, BISCUITS AND OTHER  BAKERS WARES, WHETHER OR NOT CONTAINING  COCOA; COMMUNION WAFERS, EMPTY CACHE",136.77,57.07,685.90,501.49,37.24
7214,OTHER BARS AND RODS OF IRON OR NON,68.12,224.93,91.27,133.98,37.09
0904,PEPPER OF THE GENUS PIPER; DRIED OR       CRUSHED OR GROUND FRUITS OF THE GENUS     CAPSICUM OR OF THE GENUS PIMENTA PEP,233.52,17.31,1233.65,528.29,37.04
7201,"PIG IRON AND SPIEGELEISEN IN PIGS, BLOCKS OR OTHER PRIMARY FORMS",71.17,732.99,226.01,317.54,36.88
6104,"WOMENS OR GIRLS SUITS, ENSEMBLES,       JACKETS, BLAZERS, DRESSES, SKIRTS, DIVIDED SKIRTS, TROUSERS, BIB AND BRACE OVE",113.13,67.96,619.77,547.85,36.83
7010,"CARBOYS,BOTLS,FLSKS,JARS ETC FOR CNVYANCE OR PCKNG OF GOODS; PRSRVNG JARS OF GLASS; STOPERS,LIDS AND OTHR CLOSRS  OF GLA",138.58,46.92,463.56,334.52,36.71
8110,"ANTIMONY AND ARTICLES THEREOF, INCLUDING  WASTE AND SCRAP",56.20,320.16,53.22,94.71,36.71
2924,CRBOXYAMIDE,318.21,-0.62,853.67,268.27,36.68
6404,FTWEAR WTH OUTR SOLES OF RUBR,256.98,-6.90,237.95,92.60,36.51
9406,PREFABRICATED BUILDINGS,66.31,202.06,94.93,143.16,36.15
8453,"MCHNRY FR PREPARING,TANG/WRKNG HIDES,     SKINS/LTHR/FR MKNG/REPAIRNG FOOTWEAR/OTHR ARTCLS OF HIDES,SKINS ETC EXCL SEWNG",93.15,5.21,1.43,1.53,36.00
9023,"INSTRMNTS,APRTS P MODLS DSIGND FOR        DEMONSTRATIONAL PRPS,UNSUTBL FR OTHR USES",81.54,50.33,47.19,57.87,35.90
2850,"HYDRIDES, NITRIDES, AZIDES, SILICIDES AND BORIDES, WHETHER OR NOT CHEMICALLY        DEFINED, OTHER THAN COMPOUNDS WHICH",88.40,12.55,7.35,8.31,35.74
5603,"NONWOVENS, WHETHER OR NOT IMPREGNATED,    COATED, COVERED OR LAMINATED",231.81,-7.90,195.63,84.39,35.74
1518,"ANML,VEG/MICROB FAT,OIL,FRCN EXCL1516;INEDIBLE MXTR/PRPN_ANML,VEG/MICROB FAT/OIL/FRCTN OF DIFF FAT/OIL,NT ELS WHR SPECFD",54.01,694.74,64.00,118.51,35.70
9025,"HYDROMETERS AND SMLR FLOATING INSTRUMENTS,  THERMOMETERS,PYROMETERS ETC,RCORDNG/NT AND  ANY CMBNTN OF THESE INSTRMNTS",134.08,16.60,73.32,54.68,35.55
6813,FRICTION MATRL AND ARTCLS NT MOUNTD FOR     BRAKES ETC WTH A BASIS OF ASBSTS/         CELLULOSEETC W/N CMBND WTH TXTL/OT,74.36,84.10,89.46,120.31,35.44
7212,FLT,98.48,19.44,24.85,25.23,35.34
2841,SALTS OF OXOMETALLIC OR PEROXOMETALLIC    ACIDS,67.56,124.67,88.08,130.37,35.27
8102,"MOLYBDENUM AND ARTICLES THEREOF, INCLUDING WASTE AND SCRAP",53.30,62.00,13.13,24.64,35.07
3922,"BATHS, SHOWER",106.71,8.13,18.94,17.75,35.04
5902,"TYRE CORD FABRIC OF HIGH TENACITY YARN OF NYLON OR OTHER POLYAMIDES, POLYESTERS OR  VISCOSE RAYON",189.27,-46.82,44.77,23.65,34.93
3801,ARTFCL GRPHT,141.49,29.70,214.99,151.95,34.88
9402,"MEDCL,SURGCL,DENTAL/VETRNRY FURNITR ETC   BARBERS CHAIRS AND SMLR CHAIRS;PRTS OF     THE FOREGOING ARTICLES",83.14,29.76,21.68,26.08,34.78
3505,"DEXTRINS AND OTHER MODIFIED STARCHES (FOR EXAMPLE, PREGELATINISED OR ESTERIFIED     STARCHES); GLUES BASED ON STARCHES,",101.87,32.68,64.86,63.67,34.66
5208,WOVN FBRCS OF COTON CONTNG>=85% BY WT OF  COTON WEGHNG NT MORE THN 200 G/M2,122.27,50.42,1246.89,1019.75,34.61
8470,CALCULTNG AND POCKT,131.63,-32.10,5.17,3.93,34.55
2942,OTHER ORGANIC COMPOUNDS,370.46,-26.24,1244.85,336.02,34.53
9608,BALL POINT PENS; FELT TIPPED AND OTHER    POROUS,91.68,65.44,217.78,237.55,34.36
7410,"COPPER FOIL(W/N PRINTD OR BACKD WTH PAPR, PAPRBORD,PLSTCS OR SMLR BACKING MATERLS)  OF A THICKNESS(EXCL BACKING)<=0.15 M",114.14,15.66,54.28,47.55,34.26
6205,MENS OR BOYS SHIRTS,121.35,47.77,951.66,784.21,33.83
3918,"FLR COVERING OF PLSTCS,W/N SELF",81.70,50.29,71.66,87.72,33.82
5509,"YARN(OTHR THN SWNG THREAD)OF SYNTHTC      STAPLE FIBRES,NOT PUT UP FOR RETAIL SALE",235.68,-2.42,427.12,181.23,33.72
8423,"WEIGHING MACHINERY (EXCLUDING BALANCES OF A SENSITIVITY OF 5 CENTIGRAMS OR BETTER), INCLUDING WEIGHT OPERATED COUNTING O",107.66,20.27,55.43,51.49,33.62
1201,"SOYA BEANS, WHETHER OR NOT BROKEN",143.62,-74.13,12.49,8.70,33.31
2912,"ALDHYDS,W/N WTH OTHR OXYGN FNCTN;CYCLIC   POLYMERS OF ALDEHYDES;PARAFORMALDEHYDE",215.42,-23.41,203.05,94.26,32.78
0806,"GRAPES, FRESH OR DRIED",141.54,26.97,397.51,280.86,32.69
5306,FLAX YARN,75.16,30.35,24.02,31.96,32.46
0303,FISH FROZEN EXCLUDING FISH FILLETS AND      OTHER FISH MEAT OF HEADING NO 0304,74.23,111.76,621.06,836.66,32.40
4011,"NEW PNEUMATIC TYRES, OF RUBBER",255.34,2.45,3090.16,1210.20,32.30
8416,"FURNC BURNRS FR LIQUID FUEL,FR PULVRSD    SOLID FUEL/FR GAS;MCHNCL STOKRS,MCHNCL    GRTS,MCHNCL ASH DISCHRGS AND SMLR AP",67.98,44.17,33.09,48.67,32.18
3924,"TABLEWARE, KITCHENWARE, OTHER HOUSEHOLD   ARTICLES AND TOILET ARTICLES, OF PLASTICS",89.75,57.75,250.27,278.85,31.97
7324,"SANITARY WARE AND PARTS THEREOF, OF IRON  OR STEEL",61.36,38.00,18.54,30.21,31.62
8111,"MANGANESE AND ARTICLES THEREOF, INCLUDING WASTE AND SCRAP",112.14,-34.32,6.75,6.02,31.55
2826,"FLUORIDES; FLUOROSILICATES,               FLUOROALUMINATES AND OTHER COMPLEX        FLUORINE SALTS",96.50,6.45,24.20,25.07,31.52
6105,"MENS/BOYS SHIRTS,KNITTED/CROCHETED",77.35,82.64,699.57,904.39,31.50
3806,"ROSIN AND RESIN ACIDS, AND DERIVATIVES    THEREOF; ROSIN SPIRIT AND ROSIN OILS; RUN GUMS",99.55,-15.72,7.84,7.88,31.29
3401,SOAPFORGNC SRFCE,191.83,-26.62,159.02,82.90,31.17
2849,"CARBIDES, WHETHER OR NOT CHEMICALLY       DEFINED",100.31,-1.42,17.75,17.70,30.96
3204,SYNTC ORGNC COLRNG MATR W/N CHMCLY DFND,297.62,-22.31,2188.11,735.19,30.78
2712,"PETRLM JELLY,PRAFFIN WAX,MICR",157.67,-3.00,135.86,86.16,30.71
2931,OTHER ORGANO,201.89,-27.15,212.05,105.03,30.64
1302,VEG SAPS AND EXTRCTS;PECTC SUBSTNCS PECTNATSPECTTS;AGAR,125.64,32.40,1106.04,880.34,30.55
3212,PIGMNTS(INCL METLC POWDR AND FLKS) DSPRSD   IN NON,90.82,25.26,61.65,67.89,30.53
3816,REFRACTORY CEMENTS,138.56,-4.76,76.38,55.12,30.31
3201,TANING EXTRCS OF VEGTBL ORGN TANIS AND THEIRSALT ETHRS ESTRS AND OTHR DERIVTS,77.29,3.73,6.81,8.81,30.23
8101,"TUNGSTEN (WOLFRAM) AND ARTICLES THEREOF,  INCLUDING WASTE AND SCRAP",53.89,122.47,127.74,237.03,30.21
8104,"MAGNESIUM AND ARTICLES THEREOF, INCLUDING WASTE AND SCRAP",101.96,-27.01,10.10,9.91,30.10
8407,SPARK,281.78,-47.48,599.76,212.85,30.08
0805,"CITRUS FRUIT, FRESH OR DRIED",102.60,-0.22,28.07,27.35,29.92
8510,"SHAVERS, HAIR CLIPPERS AND HAIR",80.85,0.04,6.96,8.61,29.82
5911,"TEXTILE PRODUCTS AND ARTICLES, FOR        TECHNICAL USES, SPECIFIED IN NOTE 8 TO    THIS CHAPTER",101.73,20.94,95.30,93.68,29.70
2403,OTHR MNFRD TOBACO AND MNFRD TOBACO          SUBSTTUTSHOMOGENISED OR RECONSTITUED      TOBACCO       TOBACCO EXTRACTS AND,61.32,107.96,446.56,728.22,29.69
3804,RSDUL LYES FROM MNFCTR OF WOOD PULP,58.59,11.19,3.22,5.50,29.69
8526,"RADAR APPARATUS, RADIO NAVIGATIONAL AID   APPARATUS AND RADIO REMOTE CONTROL        APPARATUS",192.45,-53.50,140.60,73.06,29.67
0910,"GINGER, SAFFRON, TURMERIC (CURCUMA),      THYME, BAY LEAVES, CURRY AND OTHER SPICES",110.43,34.48,722.52,654.28,29.39
5607,"TWNE,CORDGE,ROP AND CBLS,W/N PLTD/BRDD AND W/ NIMPRGNTD,COTD,COVRD/SHTHD WTH RUBR/PLSTCS",69.95,62.49,154.03,220.20,29.37
7009,GLSS MIRORS W/N FRMD INCL REAR VIEW MIRORS,84.11,31.49,75.52,89.78,29.24
6206,"WOMENS OR GIRLS BLOUSES, SHIRTS AND     SHIRT",56.54,135.88,1020.02,1804.08,28.96
1902,"PASTA, WHETHER OR NOT COOKED OR STUFFED ( WITH MEAT OR OTHER SUBSTANCES) OR         OTHERWISE PREPARED, SUCH AS SPAGHETT",52.96,71.03,62.95,118.87,28.84
8208,"KNIVES AND CUTTING BLADES, FOR MACHINES OR FOR MECHANICAL APPLIANCES",70.41,33.89,48.91,69.47,28.46
1516,"ANML/VEG/MICROBL FATS,OILS,ITS FRCTN PRTLY/WHLY HYDROGNTD INTR",76.89,40.85,109.70,142.68,28.25
8509,ELCTRO,70.42,40.84,74.18,105.34,28.05
9603,"BROOMS, BRUSHES (INCLUDING BRUSHES        CONSTITUTING PARTS OF MACHINES, APPLIANCES OR VEHICLES), HAND",109.54,10.91,123.66,112.89,27.49
7229,WIRE OF OTHER ALLOY STEEL,89.36,-12.28,14.00,15.67,27.36
8205,"HND TOOLSN.E.S.  BLOW LAMPS;VICES,CLAMPS,OTHR THN ACSORS PRTS OF MACH",85.58,33.80,160.65,187.72,27.32
4008,"PLATS,SHTS,STRP,RODS AND PROFILE SHAPES OF  VULCNSD RUBR OTHR THN HARD RUBR",55.76,70.80,128.11,229.76,27.31
5309,WOVEN FABRICS OF FLAX,55.36,67.78,99.41,179.56,27.22
4821,PAPR OR PAPRBORD LABELS W/N PRINTED,93.94,-1.49,34.59,36.82,26.74
8311,"WIRE,RODS,ELCTRDS ETC OF BS MTL/MTL CRBIDSCOATD/CORED WTH FLX MTRL FR SLDRNG BRAZNG ETC OF MTL/MTL CRBDS WIRE ETC FR MTL",111.14,2.68,88.08,79.25,26.61
8705,"SPCL PURPOSE MOTOR VHCLS(E.G.BRKDOWN      LORRIES,CRANE LORRIES,FIRE",58.19,67.36,192.25,330.37,26.56
9616,"SCENT SPRAYS AND SMLR TOILT SPRYS,AND MOUNTS ANDHEADS THEREFOR;PWDR",56.12,6.92,4.57,8.14,26.56
7306,"OTHER TUBES, PIPES AND HOLLOW PROFILES (  FOR EXAMPLE, OPEN SEAM OR WELDED, RIVETED OR SIMILARLY CLOSED), OF IRON OR STE",203.78,-29.41,771.59,378.64,26.53
8449,MCHNRY FR MNFCTR OF FINSHNG OF FELT OR    NON,73.35,-31.80,0.80,1.08,26.51
7205,"GRNL AND PWDR,OF PIG IRON,SPGLSN,IRON/STEEL",90.42,1.60,35.33,39.07,26.51
4015,"ARTCL OF APARL AND CLOTHING ACCESSORIES     (INCL. GLOVES, MITTENS AND MITTS) FOR ALL  PURPOSE OF VULCANISED RUBR NOT HA",143.84,-60.94,75.15,52.24,26.50
8522,PRTS AND ACSSRS OF APPRTS OF HDGS NOS.      8519 TO 8521,59.46,-9.90,0.29,0.49,26.48
7302,"RLY AND TRMY TRACK CONSTRCTN MATRL OF IRON  OR STL,E.G.RALS,RACK RALS ETC SWTCH BLADS SLEEPRS,TIES AND OTHR MATRL FOR FI",93.70,2.49,47.54,50.74,26.33
3802,ACTVTD CRBN,103.83,25.19,577.93,556.62,26.20
7314,"CLOTH (INCLUDING ENDLESS BANDS), GRILL,   NETTING AND FENCING, OF IRON OR STEEL     WIRE; EXPANDED METAL OF",55.81,35.53,33.15,59.41,26.12
8485,"*MCHNRY PRTS,NT CONTNG ELCTRCL CONNCTRS,   INSULTRS,COILS,CONTCTS/OTHR ELCTRCL       FEATRS N.E.S.",58.37,0.00,2.24,3.84,26.05
4107,"LEATHER FURTHER PREPARED AFTER TANNING OR CRUSTING, INCLUDING PARCHMENT",167.65,-23.42,242.35,144.56,26.02
8716,TRAILERS AND SEMI,89.60,29.28,207.77,231.89,26.02
8521,"VIDEO RECORDING OR REPRODUCING APPARATUS, WHETHER OR NOT INCORPORATING A VIDEO TUNER",50.83,7.62,3.20,6.30,25.97
9612,"TYPEWRITER OR SIMILAR RIBBONS, INKED OR   OTHERWISE PREPARED FOR GIVING IMPRESSIONS, WHETHER OR NOT ON SPOOLS OR IN CART",50.66,10.28,5.02,9.91,25.88
7419,OTHER ARTICLES OF COPPER,97.02,24.74,287.59,296.41,25.80
8704,MOTOR VEHICLES FOR THE TRANSPORT OF GOODS,96.10,31.45,1544.45,1607.06,25.54
2935,SULPHONAMIDES,98.46,25.08,368.52,374.28,25.50
2803,CARBON (CARBON BLACKS AND OTHER FORMS OF  CARBON NOT ELSEWHERE SPECIFIED OR         INCLUDED),174.90,-19.11,498.87,285.23,25.37
2805,ALKALI OR ALKALINE,67.12,-27.05,0.86,1.28,25.26
3809,"RODENTICIDES AND OTHER SIMILAR PREPARATIONPRPRTN,USD IN TXTL,PAPR AND SMLR INDSTRS,NES",118.15,-19.47,75.20,63.65,25.07
8212,RAZORS AND RAZOR BLADES (INCLUDING RAZOR  BLADE BLANKS IN STRIPS),68.83,30.72,71.56,103.96,25.06
6403,"FTWEAR WTH OUTR SOLES OF RUBR,PLSTCS,     LTHR/CMPSTN LTHR AND UPPRS OF LTHR",87.05,35.81,1694.07,1946.08,24.79
6212,"BRSSRS,GRDLS,CORSTS,BRCS,SUSPNDRS,GRTRS AND SMLR ARTCLS AND PRTS THROF,W/N KNTD/CROCHTD",71.42,17.85,46.86,65.61,24.64
6109,T,141.35,5.12,2369.47,1676.35,24.63
7508,OTHER ARTICLES OF NICKEL,55.48,26.91,27.74,50.00,24.51
2507,"KAOLIN AND OTHER KAOLINIC CLAYS, WHETHER  OR NOT CALCINED",75.97,12.09,53.70,70.68,24.51
5307,YARN OF JUTE OR OF OTHER TEXTILE BAST     FIBRES OF HEADING 5303,60.92,9.05,17.50,28.72,24.48
2925,CRBOXYIMD,68.43,40.36,155.70,227.52,24.48
8450,HOUSEHOLD OR LAUNDRY,137.36,-38.09,104.46,76.05,24.46
6201,"MEN/BOY OVRCOT,CARCOT,CAPE,CLOAK  ANORAK(INCL SKIJACKETS),WIND CHETRS,WINDJACKET AND SMLR ARTCL EXCL THOSE OF HEAD 6203",51.02,34.52,32.08,62.87,24.43
5601,"WADDING OF TEXTILE MATERIALS AND ARTICLES THEREOF; TEXTILE FIBRES, NOT EXCEEDING 5MM IN LENG (FLOCK), TEXTILE DUST A MIL NEPS",66.20,35.97,94.11,142.16,24.21
3914,"ION EXCHANGERS BASED ON POLYMERS OF       HEADINGS 3901 TO 3913, IN PRIMARY FORMS",74.32,26.01,93.17,125.36,24.12
9013,"LASERS,OTHR THN LASER DIODES,OTHER OPTICAL APPLIANCES AND INSTRUMENTS,NOT SPECIFIED OR INCLUDED IN THIS CHAPTER",107.43,-63.74,34.12,31.76,24.03
8402,STM/OTHR VAPR GNRTNG BOILRS(EXCL CNTRL    HTNG HOT WATER BOILRS CPBL ALSO OF PRDCNG LOW PRESSURE STEAM);SUPER,79.85,33.26,277.19,347.15,24.00
8406,STEAM TURBINES AND OTHER VAPOUR TURBINES,127.77,-12.47,156.24,122.29,23.93
9607,SLIDE FASTENERS AND PARTS THEREOF,71.43,2.30,23.04,32.25,23.54
7220,FLAT,157.56,-56.34,201.77,128.06,23.40
4901,"PRINTED BOOKS, BROCHURES, LEAFLETS AND    SIMILAR PRINTED MATTER, WHETHER OR NOT IN SINGLE SHEETS",102.90,11.15,349.47,339.63,23.37
5806,NARROW WOVEN FABRICS OTHER THAN GOODS OF  HEADING 5807; NARROW FABRICS CONSISTING OF WARP WITHOUT WEFT ASSEMBLED,100.05,-8.67,77.37,77.33,22.88
5510,YARN(OTHR THN SWNG THREAD)OF ARTFCL       STAPLE FIBRES NOT PUT UP FR RTL SALE,116.86,-32.58,88.54,75.77,22.79
9804,DUTIABLE IMPORT BY POST OR AIR FOR PERSONA,63.35,-42.25,1.55,2.45,22.71
2833,SULPHATES; ALUMS; PEROXOSULPHATES (       PERSULPHATES),61.68,38.65,161.76,262.26,22.61
2823,TITANIUM OXIDES,63.95,29.07,81.18,126.94,22.51
0902,TEA,74.97,33.70,898.82,1198.94,22.08
6809,ARTCLS OF PLASTER OR OF ITS COMPOSITIONS,51.75,7.15,12.48,24.12,22.05
9029,"REVOLUTION COUNTERS, PRODUCTION COUNTERS, TAXIMETERS, MILEOMETERS, PEDOMETERS AND   THE LIKE; SPEED INDICATORS AND TACHO",57.39,11.00,27.48,47.89,21.92
4819,"CARTONS, BOXES, CASES, BAGS AND OTHER     PACKING CONTAINERS, OF PAPER, PAPERBOARD, CELLULOSE WADDING OR WEBS OF CELLULO",106.56,5.04,353.35,331.59,21.70
8701,TRACTORS (OTHER THAN TRACTORS OF HEADING  8709),73.45,33.88,1269.51,1728.42,21.59
6309,WORN CLOTHING AND OTHER WORN ARTICLES,84.93,3.62,83.10,97.84,21.45
9606,"BUTN,PRS",73.10,-5.99,27.97,38.26,21.37
6802,WRKD MONMNT/BLDG STONE (EXCPT SLATE)ETC   EXCPT HDG 6801 MOSAIC CUBES ARTFCLY COLRD GRNLS ETC OF NATRL STONE (INCL SLATE,61.18,43.19,1170.11,1912.71,21.21
1404,VEG PRODUCTS N.E.S. OR INCLUDED,51.76,27.87,43.45,83.94,21.17
6304,"OTHER FURNISHING ARTICLES, EXCLUDING THOSE OF HEADING 9404",81.00,26.42,1751.61,2162.36,20.98
7315,"CHAIN AND PARTS THEREOF, OF IRON OR STEEL",79.64,4.95,73.94,92.85,20.84
2923,"QUATERNARY AMMONIUM SALTS AND HYDROXIDES; LECITHINS AND OTHER PHOSPHOAMINOLIPIDS,   WHETHER OR NOT CHEMICALLY DEFINED",90.88,5.39,198.46,218.37,20.58
4911,"OTHER PRINTED MATTER, INCLUDING PRINTED   PICTURES AND PHOTOGRAPHS",90.20,-29.12,53.60,59.43,20.18
2904,"SULPHONATED, NITRATED OR NITROSATED       DERIVATIVES OF HYDROCARBONS, WHETHER OR   NOT HALOGENATED",104.67,-33.27,92.22,88.11,20.15
2938,"GLYCOSIDES, NATURAL OR REPRODUCED BY      SYNTHESIS AND THEIR SALTS, ETHERS, ESTERS AND OTHER DERIVATIVES",69.24,10.24,77.43,111.83,19.59
4418,"BUILDERS JOINERY AND CARPENTRY OF WOOD,  INCLUDING CELLULAR WOOD PANELS, ASSEMBLED FLOORING PANELS, SHINGLES AND SHAKES",50.01,5.37,15.61,31.22,19.49
3005,"WADDING, GAUZE, BANDAGES AND SIMILAR      ARTICLES (FOR EXAMPLE, DRESSINGS, ADHESIVE PLASTERS, POULTICES), IMPREGNATED O",52.76,30.38,79.11,149.94,19.44
6903,"OTHR RFRCTRY CERAMIC GDS(RETORTS,CRCBLS ,MUFFLES,NOZZLES,PLUGS,TUBES,SHEATHS, RODS AND SLIDGE GATES), EXCL SILICUS FOSSILS",82.84,2.89,110.59,133.50,19.02
3003,MEDICAMENTS (EXCL GOODS HDG NO 3002 3005  OR 3006) CNSISTNC OF TWO/MORE CONSTUNTS   MXD TOGETHER FOR HMN MEDCNE NT FR RT,113.77,-16.42,360.30,316.70,18.99
8204,HND OPRTED SPANERS AND WRENCHS(INCLD TORQUE METER WRENCHS BUT NT TAP WRENCHS);INTER   CHANGBLE SPANER SOCKETS WTH HANDLE,50.35,40.14,164.53,326.81,18.93
7209,"FLT RLLD PRDCTS OF WDTH>= 600MM,COLD",126.99,-49.58,258.97,203.93,18.69
7323,"TABLE KITCHN OR OTHR DOMESTIC ARTCLS AND    ITSPARTS OF IRN/STL;IRN OR STL WOOL;      SCOURERS OR POLISHNG PADS,GLOVS AN",69.35,23.60,528.08,761.52,18.30
5515,OTHER WOVEN FABRICS OF SYNTHETIC STAPLE   FIBRES,60.70,29.28,415.35,684.31,18.05
7217,WIRE OF IRON OR NON,84.42,-42.39,59.76,70.78,16.81
2106,OTHR FOOD PREPRNS N.E.S.,118.48,-31.82,957.97,808.54,16.56
5310,WOVEN FABRICS OF JUTE OR OF OTHER TEXTILE BASE FIBRES OF HEADING 5303,72.49,-10.72,78.05,107.67,15.22
2306,OIL,111.97,-46.79,454.30,405.73,15.07
2920,ESTRS OF OTHR INORGNC ACIDS(EXCL ESTRS OF HYDRGN HALIDES)AND THR SLTS THR HALGNTD     SLPHNTD NITRTD/NITRSTD DRVTVS,85.30,-46.35,91.21,106.93,14.64
6103,"MENS OR BOYS SUITS,ENSEMBLES,JACKETS,BLAZERS,TROUSERS,BIBANDBRACE OVERALLS,BREECHES AND SHORTS(OTH THAN SWIMWEAR)",63.16,9.42,410.35,649.73,13.92
2940,SUGRS CHMCLY PURE OTHR THN SUCROSE LACTOSEMALTOSE ETC SUGR ETHRS AND SUGRESTRS AND THR  SLTS BESIDES HDG NO. 2937 2938 O,62.05,-32.61,37.60,60.60,13.65
2827,"CHLRDES,CHLRDE OXIDES AND CHLRDE HYDROXIDES;BRMDES AND BRMDE OXDS;IODIDS AND IODIDE OXIDES",75.21,-2.61,340.80,453.10,13.17
6305,"SACKS AND BAGS, OF A KIND USED FOR THE    PACKING OF GOODS",56.50,16.02,1287.58,2278.81,12.98
4412,"PLYWOOD, VENEERED PANELS AND SIMILAR      LAMINATED WOOD",63.78,-38.51,43.21,67.75,12.91
6910,CERMC SINKS WASH BASINS AND SMLR SNTRY FXTRS,80.83,-31.07,177.92,220.12,12.43
2508,OTHR CLAYS (EXCLDNG HDNG NO 6806) ANDLSTE KYANITE AND SILLIMANITE W/N CALCIND MULLITE CHAMOTTE OR DINAS EARTHS,60.04,3.56,164.56,274.10,12.41
6307,"OTHER MADE UP ARTICLES, INCLUDING DRESS   PATTERNS",84.78,-26.39,461.95,544.89,12.13
1514,"RAPE COLZA/MUSTARD OIL AND ITS FRACTNS      W/N REFINED, BUT NOT CHEMICLLY MODIFIED",52.67,-30.33,27.99,53.15,12.02
8472,"OTHER OFFICE MACHINES (FOR EXAMPLE,       HECTOGRAPH OR STENCIL DUPLICATING         MACHINES, ADDRESSING MACHINES, AUTOM",59.47,5.71,394.75,663.76,11.74
0909,"SEEDS OF ANISE, BADIAN, FENNEL, CORIANDER, CUMIN OR CARAWAY; JUNIPER BERRIES",90.18,-33.62,651.57,722.54,11.67
6402,OTHER FOOTWEAR WITH OUTER SOLES AND UPPERS OF RUBBER OR PLASTICS,87.75,-52.60,245.24,279.47,11.52
6914,OTHER CERAMIC ARTICLES,50.11,-46.45,21.10,42.10,11.31
8307,FLXBL TUBNG OF BSE METL WTH/WTHOUT FTNGS,73.47,-35.42,113.78,154.87,11.31
7325,OTHER CAST ARTICLES OF IRON OR STEEL,80.53,-17.18,1249.84,1552.08,11.01
7311,"CONTAINERS FOR COMPRESSED OR LIQUEFIED    GAS, OF IRON OR STEEL",76.67,-36.37,174.06,227.03,11.01
3307,SHAVING/PRE AND AFTER SHAVE PRPNS BATH PRPN DEPILATRS AND OTHR PERFMRY COSMTC/TOILT PRPNPRPN NES;PRPD ROOM DEODORISERS W,56.81,3.11,336.67,592.64,10.08
7310,"TANKS,DRUMS ETC AND SMLR CONTNRS FOR        MATERLS(OTHR THN CMPRSD/LQFD  GAS)",60.41,-32.17,96.40,159.58,8.58
2614,TITANIUM ORES AND CONCENTRATES,50.40,-29.17,52.67,104.51,8.13
9306,"PARTS AND ACCESSORIES OF OTER FIREARMS OF WAR AND PRTS THROF; CARTRDGSANDOTHR AMNTNS AND PRJCTLS AND PRTS,INCL SHOT AND",69.60,-39.23,683.48,981.99,6.64
3001,"GLANDS AND OTHER ORGANS FOR               ORGANOTHERAPEUTIC USES, DRIED,WHETHER OR  NOT POWDERED; EXTRACTS OF GLANDS OR",67.52,-51.40,236.63,350.47,6.38
2815,SODIUM HYDROXIDE (CAUSTIC SODA); POTASSIUM HYDROXIDE (CAUSTIC POTASH); PEROXIDES OF SODIUM OR POTASSIUM,57.37,-51.91,335.94,585.59,3.74
