country,hs2,hs2_desc,export_usd_mn,import_usd_mn,net_usd_mn,share_of_bilateral_deficit_pct,fiscal_year
CHINA P RP,85,"ELECTRICAL MACHINERY AND EQUIPMENT AND PARTS THEREOF; SOUND RECORDERS AND REPRODUCERS, TELEVISION IMAGE AND SOUND RECORDERS AND REPRODUCERS,AND PARTS.",3178.29,46367.46,-43189.17,41.793,2025-2026
CHINA P RP,84,"NUCLEAR REACTORS, BOILERS, MACHINERY AND MECHANICAL APPLIANCES; PARTS THEREOF.",1263.12,29450.97,-28187.85,27.277,2025-2026
CHINA P RP,29,ORGANIC CHEMICALS,1343.03,11521.52,-10178.49,9.850,2025-2026
CHINA P RP,39,PLASTIC AND ARTICLES THEREOF.,0.00,6711.48,-6711.48,6.495,2025-2026
CHINA P RP,87,"VEHICLES OTHER THAN RAILWAY OR TRAMWAY ROLLING STOCK, AND PARTS AND ACCESSORIES THEREOF.",0.00,2869.28,-2869.28,2.777,2025-2026
CHINA P RP,90,"OPTICAL, PHOTOGRAPHIC CINEMATOGRAPHIC MEASURING, CHECKING PRECISION, MEDICAL OR SURGICAL INST. AND APPARATUS PARTS AND ACCESSORIES THEREOF;",0.00,2752.64,-2752.64,2.664,2025-2026
CHINA P RP,76,ALUMINIUM AND ARTICLES THEREOF.,0.00,2581.13,-2581.13,2.498,2025-2026
CHINA P RP,73,ARTICLES OF IRON OR STEEL,0.00,2504.74,-2504.74,2.424,2025-2026
CHINA P RP,31,FERTILISERS.,0.00,2336.70,-2336.70,2.261,2025-2026
CHINA P RP,38,MISCELLANEOUS CHEMICAL PRODUCTS.,0.00,2028.63,-2028.63,1.963,2025-2026
CHINA P RP,67,PREPARED FEATHERS AND DOWN AND ARTICLES MADE OF FEATHERS OR OF DOWN; ARTIFICIAL FLOWERS; ARTICLES OF HUMAN HAIR.,494.10,0.00,494.10,0.000,2025-2026
CHINA P RP,74,COPPER AND ARTICLES THEREOF.,760.73,0.00,760.73,0.000,2025-2026
CHINA P RP,15,ANIMAL OR VEGETABLE FATS AND OILS AND THEIR CLEAVAGE PRODUCTS; PRE. EDIBLE FATS; ANIMAL OR VEGETABLE WAXEX.,769.35,0.00,769.35,0.000,2025-2026
CHINA P RP,25,"SALT; SULPHUR; EARTHS AND STONE; PLASTERING MATERIALS, LIME AND CEMENT.",874.27,0.00,874.27,0.000,2025-2026
CHINA P RP,03,"FISH AND CRUSTACEANS, MOLLUSCS AND OTHER AQUATIC INVERTABRATES.",1374.97,0.00,1374.97,0.000,2025-2026
CHINA P RP,26,"ORES, SLAG AND ASH.",1796.72,0.00,1796.72,0.000,2025-2026
CHINA P RP,27,"MINERAL FUELS, MINERAL OILS AND PRODUCTS OF THEIR DISTILLATION; BITUMINOUS SUBSTANCES; MINERAL WAXES.",2462.26,0.00,2462.26,0.000,2025-2026
U S A,27,"MINERAL FUELS, MINERAL OILS AND PRODUCTS OF THEIR DISTILLATION; BITUMINOUS SUBSTANCES; MINERAL WAXES.",3522.24,17315.21,-13792.97,57.934,2025-2026
U S A,90,"OPTICAL, PHOTOGRAPHIC CINEMATOGRAPHIC MEASURING, CHECKING PRECISION, MEDICAL OR SURGICAL INST. AND APPARATUS PARTS AND ACCESSORIES THEREOF;",0.00,2261.43,-2261.43,9.499,2025-2026
U S A,88,"AIRCRAFT, SPACECRAFT, AND PARTS THEREOF.",0.00,1909.80,-1909.80,8.022,2025-2026
U S A,71,"NATURAL OR CULTURED PEARLS,PRECIOUS OR SEMIPRECIOUS STONES,PRE.METALS,CLAD WITH PRE.METAL AND ARTCLS THEREOF;IMIT.JEWLRY;COIN.",5116.68,6848.83,-1732.15,7.276,2025-2026
U S A,39,PLASTIC AND ARTICLES THEREOF.,0.00,1438.53,-1438.53,6.042,2025-2026
U S A,08,EDIBLE FRUIT AND NUTS; PEEL OR CITRUS FRUIT OR MELONS.,0.00,1426.25,-1426.25,5.991,2025-2026
U S A,38,MISCELLANEOUS CHEMICAL PRODUCTS.,0.00,1246.74,-1246.74,5.237,2025-2026
U S A,29,ORGANIC CHEMICALS,2679.95,1756.64,923.31,0.000,2025-2026
U S A,62,"ARTICLES OF APPAREL AND CLOTHING ACCESSORIES, NOT KNITTED OR CROCHETED.",2467.28,0.00,2467.28,0.000,2025-2026
U S A,87,"VEHICLES OTHER THAN RAILWAY OR TRAMWAY ROLLING STOCK, AND PARTS AND ACCESSORIES THEREOF.",2467.33,0.00,2467.33,0.000,2025-2026
U S A,84,"NUCLEAR REACTORS, BOILERS, MACHINERY AND MECHANICAL APPLIANCES; PARTS THEREOF.",7190.20,4683.17,2507.03,0.000,2025-2026
U S A,63,OTHER MADE UP TEXTILE ARTICLES; SETS; WORN CLOTHING AND WORN TEXTILE ARTICLES; RAGS,2634.29,0.00,2634.29,0.000,2025-2026
U S A,73,ARTICLES OF IRON OR STEEL,3015.46,0.00,3015.46,0.000,2025-2026
U S A,30,PHARMACEUTICAL PRODUCTS,8665.13,0.00,8665.13,0.000,2025-2026
U S A,85,"ELECTRICAL MACHINERY AND EQUIPMENT AND PARTS THEREOF; SOUND RECORDERS AND REPRODUCERS, TELEVISION IMAGE AND SOUND RECORDERS AND REPRODUCERS,AND PARTS.",25682.64,5555.02,20127.62,0.000,2025-2026
U ARAB EMTS,27,"MINERAL FUELS, MINERAL OILS AND PRODUCTS OF THEIR DISTILLATION; BITUMINOUS SUBSTANCES; MINERAL WAXES.",5850.69,24272.88,-18422.19,41.444,2025-2026
U ARAB EMTS,71,"NATURAL OR CULTURED PEARLS,PRECIOUS OR SEMIPRECIOUS STONES,PRE.METALS,CLAD WITH PRE.METAL AND ARTCLS THEREOF;IMIT.JEWLRY;COIN.",8687.57,24825.69,-16138.12,36.306,2025-2026
U ARAB EMTS,28,"INORGANIC CHEMICALS; ORGANIC OR INORGANIC COMPOUNDS OF PRECIOUS METALS, OF RARE-EARTH METALS, OR RADI. ELEM. OR OF ISOTOPES.",0.00,3359.27,-3359.27,7.557,2025-2026
U ARAB EMTS,88,"AIRCRAFT, SPACECRAFT, AND PARTS THEREOF.",0.00,1898.72,-1898.72,4.272,2025-2026
U ARAB EMTS,74,COPPER AND ARTICLES THEREOF.,0.00,1419.52,-1419.52,3.193,2025-2026
U ARAB EMTS,39,PLASTIC AND ARTICLES THEREOF.,0.00,1195.78,-1195.78,2.690,2025-2026
U ARAB EMTS,25,"SALT; SULPHUR; EARTHS AND STONE; PLASTERING MATERIALS, LIME AND CEMENT.",0.00,1181.78,-1181.78,2.659,2025-2026
U ARAB EMTS,76,ALUMINIUM AND ARTICLES THEREOF.,0.00,804.23,-804.23,1.809,2025-2026
U ARAB EMTS,72,IRON AND STEEL,615.83,646.71,-30.88,0.069,2025-2026
U ARAB EMTS,89,"SHIPS, BOATS AND FLOATING STRUCTURES.",1314.00,1046.14,267.86,0.000,2025-2026
U ARAB EMTS,61,"ARTICLES OF APPAREL AND CLOTHING ACCESSORIES, KNITTED OR CORCHETED.",700.14,0.00,700.14,0.000,2025-2026
U ARAB EMTS,10,CEREALS.,723.42,0.00,723.42,0.000,2025-2026
U ARAB EMTS,73,ARTICLES OF IRON OR STEEL,835.02,0.00,835.02,0.000,2025-2026
U ARAB EMTS,87,"VEHICLES OTHER THAN RAILWAY OR TRAMWAY ROLLING STOCK, AND PARTS AND ACCESSORIES THEREOF.",1177.88,0.00,1177.88,0.000,2025-2026
U ARAB EMTS,84,"NUCLEAR REACTORS, BOILERS, MACHINERY AND MECHANICAL APPLIANCES; PARTS THEREOF.",2354.97,0.00,2354.97,0.000,2025-2026
U ARAB EMTS,85,"ELECTRICAL MACHINERY AND EQUIPMENT AND PARTS THEREOF; SOUND RECORDERS AND REPRODUCERS, TELEVISION IMAGE AND SOUND RECORDERS AND REPRODUCERS,AND PARTS.",5397.88,0.00,5397.88,0.000,2025-2026
RUSSIA,27,"MINERAL FUELS, MINERAL OILS AND PRODUCTS OF THEIR DISTILLATION; BITUMINOUS SUBSTANCES; MINERAL WAXES.",0.00,47824.90,-47824.90,87.986,2025-2026
RUSSIA,31,FERTILISERS.,0.00,3117.90,-3117.90,5.736,2025-2026
RUSSIA,15,ANIMAL OR VEGETABLE FATS AND OILS AND THEIR CLEAVAGE PRODUCTS; PRE. EDIBLE FATS; ANIMAL OR VEGETABLE WAXEX.,0.00,1675.72,-1675.72,3.083,2025-2026
RUSSIA,98,PROJECT GOODS; SOME SPECIAL USES.,0.00,632.93,-632.93,1.164,2025-2026
RUSSIA,72,IRON AND STEEL,0.00,448.95,-448.95,0.826,2025-2026
RUSSIA,71,"NATURAL OR CULTURED PEARLS,PRECIOUS OR SEMIPRECIOUS STONES,PRE.METALS,CLAD WITH PRE.METAL AND ARTCLS THEREOF;IMIT.JEWLRY;COIN.",0.00,375.54,-375.54,0.691,2025-2026
RUSSIA,25,"SALT; SULPHUR; EARTHS AND STONE; PLASTERING MATERIALS, LIME AND CEMENT.",0.00,161.69,-161.69,0.297,2025-2026
RUSSIA,48,"PAPER AND PAPERBOARD; ARTICLES OF PAPER PULP, OF PAPER OR OF PAPERBOARD.",0.00,117.75,-117.75,0.217,2025-2026
RUSSIA,69,CERAMIC PRODUCTS.,138.77,0.00,138.77,0.000,2025-2026
RUSSIA,90,"OPTICAL, PHOTOGRAPHIC CINEMATOGRAPHIC MEASURING, CHECKING PRECISION, MEDICAL OR SURGICAL INST. AND APPARATUS PARTS AND ACCESSORIES THEREOF;",145.63,0.00,145.63,0.000,2025-2026
RUSSIA,21,MISCELLANEOUS EDIBLE PREPARATIONS.,156.45,0.00,156.45,0.000,2025-2026
RUSSIA,03,"FISH AND CRUSTACEANS, MOLLUSCS AND OTHER AQUATIC INVERTABRATES.",159.14,0.00,159.14,0.000,2025-2026
RUSSIA,38,MISCELLANEOUS CHEMICAL PRODUCTS.,169.33,0.00,169.33,0.000,2025-2026
RUSSIA,28,"INORGANIC CHEMICALS; ORGANIC OR INORGANIC COMPOUNDS OF PRECIOUS METALS, OF RARE-EARTH METALS, OR RADI. ELEM. OR OF ISOTOPES.",196.81,0.00,196.81,0.000,2025-2026
RUSSIA,29,ORGANIC CHEMICALS,326.17,109.30,216.87,0.000,2025-2026
RUSSIA,85,"ELECTRICAL MACHINERY AND EQUIPMENT AND PARTS THEREOF; SOUND RECORDERS AND REPRODUCERS, TELEVISION IMAGE AND SOUND RECORDERS AND REPRODUCERS,AND PARTS.",344.64,0.00,344.64,0.000,2025-2026
RUSSIA,84,"NUCLEAR REACTORS, BOILERS, MACHINERY AND MECHANICAL APPLIANCES; PARTS THEREOF.",660.18,272.37,387.81,0.000,2025-2026
RUSSIA,30,PHARMACEUTICAL PRODUCTS,471.34,0.00,471.34,0.000,2025-2026
SAUDI ARAB,27,"MINERAL FUELS, MINERAL OILS AND PRODUCTS OF THEIR DISTILLATION; BITUMINOUS SUBSTANCES; MINERAL WAXES.",0.00,21788.12,-21788.12,76.424,2025-2026
SAUDI ARAB,31,FERTILISERS.,0.00,2397.39,-2397.39,8.409,2025-2026
SAUDI ARAB,39,PLASTIC AND ARTICLES THEREOF.,0.00,1120.78,-1120.78,3.931,2025-2026
SAUDI ARAB,71,"NATURAL OR CULTURED PEARLS,PRECIOUS OR SEMIPRECIOUS STONES,PRE.METALS,CLAD WITH PRE.METAL AND ARTCLS THEREOF;IMIT.JEWLRY;COIN.",246.52,1088.86,-842.34,2.955,2025-2026
SAUDI ARAB,88,"AIRCRAFT, SPACECRAFT, AND PARTS THEREOF.",0.00,702.49,-702.49,2.464,2025-2026
SAUDI ARAB,29,ORGANIC CHEMICALS,718.53,1277.21,-558.68,1.960,2025-2026
SAUDI ARAB,76,ALUMINIUM AND ARTICLES THEREOF.,0.00,424.35,-424.35,1.488,2025-2026
SAUDI ARAB,28,"INORGANIC CHEMICALS; ORGANIC OR INORGANIC COMPOUNDS OF PRECIOUS METALS, OF RARE-EARTH METALS, OR RADI. ELEM. OR OF ISOTOPES.",0.00,390.76,-390.76,1.371,2025-2026
SAUDI ARAB,38,MISCELLANEOUS CHEMICAL PRODUCTS.,0.00,284.54,-284.54,0.998,2025-2026
SAUDI ARAB,09,"COFFEE, TEA, MATE AND SPICES.",238.65,0.00,238.65,0.000,2025-2026
SAUDI ARAB,02,MEAT AND EDIBLE MEAT OFFAL.,361.15,0.00,361.15,0.000,2025-2026
SAUDI ARAB,74,COPPER AND ARTICLES THEREOF.,982.51,572.23,410.28,0.000,2025-2026
SAUDI ARAB,73,ARTICLES OF IRON OR STEEL,433.97,0.00,433.97,0.000,2025-2026
SAUDI ARAB,85,"ELECTRICAL MACHINERY AND EQUIPMENT AND PARTS THEREOF; SOUND RECORDERS AND REPRODUCERS, TELEVISION IMAGE AND SOUND RECORDERS AND REPRODUCERS,AND PARTS.",502.23,0.00,502.23,0.000,2025-2026
SAUDI ARAB,84,"NUCLEAR REACTORS, BOILERS, MACHINERY AND MECHANICAL APPLIANCES; PARTS THEREOF.",1011.81,0.00,1011.81,0.000,2025-2026
SAUDI ARAB,10,CEREALS.,1078.20,0.00,1078.20,0.000,2025-2026
SAUDI ARAB,87,"VEHICLES OTHER THAN RAILWAY OR TRAMWAY ROLLING STOCK, AND PARTS AND ACCESSORIES THEREOF.",1560.63,0.00,1560.63,0.000,2025-2026
SINGAPORE,85,"ELECTRICAL MACHINERY AND EQUIPMENT AND PARTS THEREOF; SOUND RECORDERS AND REPRODUCERS, TELEVISION IMAGE AND SOUND RECORDERS AND REPRODUCERS,AND PARTS.",478.88,6229.94,-5751.06,43.281,2025-2026
SINGAPORE,84,"NUCLEAR REACTORS, BOILERS, MACHINERY AND MECHANICAL APPLIANCES; PARTS THEREOF.",2134.96,4280.95,-2145.99,16.150,2025-2026
SINGAPORE,39,PLASTIC AND ARTICLES THEREOF.,0.00,1496.31,-1496.31,11.261,2025-2026
SINGAPORE,71,"NATURAL OR CULTURED PEARLS,PRECIOUS OR SEMIPRECIOUS STONES,PRE.METALS,CLAD WITH PRE.METAL AND ARTCLS THEREOF;IMIT.JEWLRY;COIN.",546.82,1609.33,-1062.51,7.996,2025-2026
SINGAPORE,90,"OPTICAL, PHOTOGRAPHIC CINEMATOGRAPHIC MEASURING, CHECKING PRECISION, MEDICAL OR SURGICAL INST. AND APPARATUS PARTS AND ACCESSORIES THEREOF;",242.01,1295.94,-1053.93,7.932,2025-2026
SINGAPORE,15,ANIMAL OR VEGETABLE FATS AND OILS AND THEIR CLEAVAGE PRODUCTS; PRE. EDIBLE FATS; ANIMAL OR VEGETABLE WAXEX.,0.00,787.06,-787.06,5.923,2025-2026
SINGAPORE,29,ORGANIC CHEMICALS,654.12,1159.11,-504.99,3.800,2025-2026
SINGAPORE,72,IRON AND STEEL,0.00,486.02,-486.02,3.658,2025-2026
SINGAPORE,33,"ESSENTIAL OILS AND RESINOIDS; PERFUMERY, COSMETIC OR TOILET PREPARATIONS.",115.45,0.00,115.45,0.000,2025-2026
SINGAPORE,79,ZINC AND ARTICLES THEREOF.,125.82,0.00,125.82,0.000,2025-2026
SINGAPORE,89,"SHIPS, BOATS AND FLOATING STRUCTURES.",1407.44,1114.83,292.61,0.000,2025-2026
SINGAPORE,78,LEAD AND ARTICLES THEREOF.,382.90,0.00,382.90,0.000,2025-2026
SINGAPORE,27,"MINERAL FUELS, MINERAL OILS AND PRODUCTS OF THEIR DISTILLATION; BITUMINOUS SUBSTANCES; MINERAL WAXES.",4469.45,2909.24,1560.21,0.000,2025-2026
HONG KONG,85,"ELECTRICAL MACHINERY AND EQUIPMENT AND PARTS THEREOF; SOUND RECORDERS AND REPRODUCERS, TELEVISION IMAGE AND SOUND RECORDERS AND REPRODUCERS,AND PARTS.",1167.14,10492.80,-9325.66,58.587,2025-2026
HONG KONG,71,"NATURAL OR CULTURED PEARLS,PRECIOUS OR SEMIPRECIOUS STONES,PRE.METALS,CLAD WITH PRE.METAL AND ARTCLS THEREOF;IMIT.JEWLRY;COIN.",6124.22,10006.25,-3882.03,24.388,2025-2026
HONG KONG,84,"NUCLEAR REACTORS, BOILERS, MACHINERY AND MECHANICAL APPLIANCES; PARTS THEREOF.",167.37,1584.21,-1416.84,8.901,2025-2026
HONG KONG,90,"OPTICAL, PHOTOGRAPHIC CINEMATOGRAPHIC MEASURING, CHECKING PRECISION, MEDICAL OR SURGICAL INST. AND APPARATUS PARTS AND ACCESSORIES THEREOF;",49.03,471.49,-422.46,2.654,2025-2026
HONG KONG,91,CLOCKS AND WATCHES AND PARTS THEREOF.,0.00,227.75,-227.75,1.431,2025-2026
HONG KONG,39,PLASTIC AND ARTICLES THEREOF.,0.00,201.81,-201.81,1.268,2025-2026
HONG KONG,72,IRON AND STEEL,0.00,146.29,-146.29,0.919,2025-2026
HONG KONG,76,ALUMINIUM AND ARTICLES THEREOF.,0.00,111.83,-111.83,0.703,2025-2026
HONG KONG,87,"VEHICLES OTHER THAN RAILWAY OR TRAMWAY ROLLING STOCK, AND PARTS AND ACCESSORIES THEREOF.",0.00,97.91,-97.91,0.615,2025-2026
HONG KONG,73,ARTICLES OF IRON OR STEEL,0.00,85.04,-85.04,0.534,2025-2026
HONG KONG,41,RAW HIDES AND SKINS (OTHER THAN FURSKINS) AND LEATHER,27.20,0.00,27.20,0.000,2025-2026
HONG KONG,30,PHARMACEUTICAL PRODUCTS,37.12,0.00,37.12,0.000,2025-2026
HONG KONG,02,MEAT AND EDIBLE MEAT OFFAL.,42.90,0.00,42.90,0.000,2025-2026
HONG KONG,03,"FISH AND CRUSTACEANS, MOLLUSCS AND OTHER AQUATIC INVERTABRATES.",54.22,0.00,54.22,0.000,2025-2026
HONG KONG,62,"ARTICLES OF APPAREL AND CLOTHING ACCESSORIES, NOT KNITTED OR CROCHETED.",65.76,0.00,65.76,0.000,2025-2026
HONG KONG,27,"MINERAL FUELS, MINERAL OILS AND PRODUCTS OF THEIR DISTILLATION; BITUMINOUS SUBSTANCES; MINERAL WAXES.",86.62,0.00,86.62,0.000,2025-2026
GERMANY,84,"NUCLEAR REACTORS, BOILERS, MACHINERY AND MECHANICAL APPLIANCES; PARTS THEREOF.",1463.83,5547.74,-4083.91,37.718,2025-2026
GERMANY,88,"AIRCRAFT, SPACECRAFT, AND PARTS THEREOF.",0.00,2692.52,-2692.52,24.867,2025-2026
GERMANY,90,"OPTICAL, PHOTOGRAPHIC CINEMATOGRAPHIC MEASURING, CHECKING PRECISION, MEDICAL OR SURGICAL INST. AND APPARATUS PARTS AND ACCESSORIES THEREOF;",356.07,1962.10,-1606.03,14.833,2025-2026
GERMANY,39,PLASTIC AND ARTICLES THEREOF.,0.00,679.03,-679.03,6.271,2025-2026
GERMANY,85,"ELECTRICAL MACHINERY AND EQUIPMENT AND PARTS THEREOF; SOUND RECORDERS AND REPRODUCERS, TELEVISION IMAGE AND SOUND RECORDERS AND REPRODUCERS,AND PARTS.",1794.47,2470.99,-676.52,6.248,2025-2026
GERMANY,38,MISCELLANEOUS CHEMICAL PRODUCTS.,0.00,501.15,-501.15,4.628,2025-2026
GERMANY,72,IRON AND STEEL,0.00,322.89,-322.89,2.982,2025-2026
GERMANY,87,"VEHICLES OTHER THAN RAILWAY OR TRAMWAY ROLLING STOCK, AND PARTS AND ACCESSORIES THEREOF.",786.81,1052.33,-265.52,2.452,2025-2026
GERMANY,73,ARTICLES OF IRON OR STEEL,510.90,353.49,157.41,0.000,2025-2026
GERMANY,29,ORGANIC CHEMICALS,765.21,430.31,334.90,0.000,2025-2026
GERMANY,40,RUBBER AND ARTICLES THEREOF.,354.50,0.00,354.50,0.000,2025-2026
GERMANY,62,"ARTICLES OF APPAREL AND CLOTHING ACCESSORIES, NOT KNITTED OR CROCHETED.",401.67,0.00,401.67,0.000,2025-2026
GERMANY,30,PHARMACEUTICAL PRODUCTS,446.73,0.00,446.73,0.000,2025-2026
GERMANY,61,"ARTICLES OF APPAREL AND CLOTHING ACCESSORIES, KNITTED OR CORCHETED.",531.07,0.00,531.07,0.000,2025-2026
IRAQ,27,"MINERAL FUELS, MINERAL OILS AND PRODUCTS OF THEIR DISTILLATION; BITUMINOUS SUBSTANCES; MINERAL WAXES.",534.35,24146.03,-23611.68,98.680,2025-2026
IRAQ,15,ANIMAL OR VEGETABLE FATS AND OILS AND THEIR CLEAVAGE PRODUCTS; PRE. EDIBLE FATS; ANIMAL OR VEGETABLE WAXEX.,0.00,215.39,-215.39,0.900,2025-2026
IRAQ,89,"SHIPS, BOATS AND FLOATING STRUCTURES.",0.00,89.55,-89.55,0.374,2025-2026
IRAQ,76,ALUMINIUM AND ARTICLES THEREOF.,0.00,3.45,-3.45,0.014,2025-2026
IRAQ,38,MISCELLANEOUS CHEMICAL PRODUCTS.,0.00,3.18,-3.18,0.013,2025-2026
IRAQ,47,PULP OF WOOD OR OF OTHER FIBROUS CELLULOSIC MATERIAL; WASTE AND SCRAP OF PAPER OR PAPERBOARD.,0.00,1.94,-1.94,0.008,2025-2026
IRAQ,25,"SALT; SULPHUR; EARTHS AND STONE; PLASTERING MATERIALS, LIME AND CEMENT.",0.00,1.05,-1.05,0.004,2025-2026
IRAQ,41,RAW HIDES AND SKINS (OTHER THAN FURSKINS) AND LEATHER,0.00,0.91,-0.91,0.004,2025-2026
IRAQ,51,"WOOL, FINE OR COARSE ANIMAL HAIR, HORSEHAIR YARN AND WOVEN FABRIC.",0.00,0.34,-0.34,0.001,2025-2026
IRAQ,69,CERAMIC PRODUCTS.,109.69,0.00,109.69,0.000,2025-2026
IRAQ,84,"NUCLEAR REACTORS, BOILERS, MACHINERY AND MECHANICAL APPLIANCES; PARTS THEREOF.",110.69,0.00,110.69,0.000,2025-2026
IRAQ,85,"ELECTRICAL MACHINERY AND EQUIPMENT AND PARTS THEREOF; SOUND RECORDERS AND REPRODUCERS, TELEVISION IMAGE AND SOUND RECORDERS AND REPRODUCERS,AND PARTS.",111.25,0.00,111.25,0.000,2025-2026
IRAQ,73,ARTICLES OF IRON OR STEEL,117.55,0.00,117.55,0.000,2025-2026
IRAQ,30,PHARMACEUTICAL PRODUCTS,124.36,0.00,124.36,0.000,2025-2026
IRAQ,08,EDIBLE FRUIT AND NUTS; PEEL OR CITRUS FRUIT OR MELONS.,226.42,96.02,130.40,0.000,2025-2026
IRAQ,09,"COFFEE, TEA, MATE AND SPICES.",133.84,0.00,133.84,0.000,2025-2026
IRAQ,02,MEAT AND EDIBLE MEAT OFFAL.,300.10,0.00,300.10,0.000,2025-2026
IRAQ,10,CEREALS.,674.59,0.00,674.59,0.000,2025-2026
JAPAN,84,"NUCLEAR REACTORS, BOILERS, MACHINERY AND MECHANICAL APPLIANCES; PARTS THEREOF.",634.17,3892.48,-3258.31,21.540,2025-2026
JAPAN,74,COPPER AND ARTICLES THEREOF.,0.00,2376.94,-2376.94,15.713,2025-2026
JAPAN,85,"ELECTRICAL MACHINERY AND EQUIPMENT AND PARTS THEREOF; SOUND RECORDERS AND REPRODUCERS, TELEVISION IMAGE AND SOUND RECORDERS AND REPRODUCERS,AND PARTS.",425.75,2624.53,-2198.78,14.535,2025-2026
JAPAN,28,"INORGANIC CHEMICALS; ORGANIC OR INORGANIC COMPOUNDS OF PRECIOUS METALS, OF RARE-EARTH METALS, OR RADI. ELEM. OR OF ISOTOPES.",0.00,2188.78,-2188.78,14.469,2025-2026
JAPAN,72,IRON AND STEEL,223.75,1638.49,-1414.74,9.352,2025-2026
JAPAN,39,PLASTIC AND ARTICLES THEREOF.,0.00,1199.79,-1199.79,7.931,2025-2026
JAPAN,90,"OPTICAL, PHOTOGRAPHIC CINEMATOGRAPHIC MEASURING, CHECKING PRECISION, MEDICAL OR SURGICAL INST. AND APPARATUS PARTS AND ACCESSORIES THEREOF;",0.00,1197.77,-1197.77,7.918,2025-2026
JAPAN,87,"VEHICLES OTHER THAN RAILWAY OR TRAMWAY ROLLING STOCK, AND PARTS AND ACCESSORIES THEREOF.",1029.05,1604.24,-575.19,3.802,2025-2026
JAPAN,73,ARTICLES OF IRON OR STEEL,0.00,431.89,-431.89,2.855,2025-2026
JAPAN,29,ORGANIC CHEMICALS,654.16,939.03,-284.87,1.883,2025-2026
JAPAN,38,MISCELLANEOUS CHEMICAL PRODUCTS.,156.88,0.00,156.88,0.000,2025-2026
JAPAN,62,"ARTICLES OF APPAREL AND CLOTHING ACCESSORIES, NOT KNITTED OR CROCHETED.",180.46,0.00,180.46,0.000,2025-2026
JAPAN,71,"NATURAL OR CULTURED PEARLS,PRECIOUS OR SEMIPRECIOUS STONES,PRE.METALS,CLAD WITH PRE.METAL AND ARTCLS THEREOF;IMIT.JEWLRY;COIN.",233.38,0.00,233.38,0.000,2025-2026
JAPAN,76,ALUMINIUM AND ARTICLES THEREOF.,387.39,0.00,387.39,0.000,2025-2026
JAPAN,03,"FISH AND CRUSTACEANS, MOLLUSCS AND OTHER AQUATIC INVERTABRATES.",411.69,0.00,411.69,0.000,2025-2026
KOREA RP,85,"ELECTRICAL MACHINERY AND EQUIPMENT AND PARTS THEREOF; SOUND RECORDERS AND REPRODUCERS, TELEVISION IMAGE AND SOUND RECORDERS AND REPRODUCERS,AND PARTS.",179.77,5717.28,-5537.51,36.771,2025-2026
KOREA RP,72,IRON AND STEEL,398.44,2589.60,-2191.16,14.550,2025-2026
KOREA RP,39,PLASTIC AND ARTICLES THEREOF.,0.00,2121.30,-2121.30,14.086,2025-2026
KOREA RP,84,"NUCLEAR REACTORS, BOILERS, MACHINERY AND MECHANICAL APPLIANCES; PARTS THEREOF.",973.95,2381.65,-1407.70,9.348,2025-2026
KOREA RP,27,"MINERAL FUELS, MINERAL OILS AND PRODUCTS OF THEIR DISTILLATION; BITUMINOUS SUBSTANCES; MINERAL WAXES.",777.28,1715.62,-938.34,6.231,2025-2026
KOREA RP,87,"VEHICLES OTHER THAN RAILWAY OR TRAMWAY ROLLING STOCK, AND PARTS AND ACCESSORIES THEREOF.",161.35,867.15,-705.80,4.687,2025-2026
KOREA RP,79,ZINC AND ARTICLES THEREOF.,0.00,604.38,-604.38,4.013,2025-2026
KOREA RP,90,"OPTICAL, PHOTOGRAPHIC CINEMATOGRAPHIC MEASURING, CHECKING PRECISION, MEDICAL OR SURGICAL INST. AND APPARATUS PARTS AND ACCESSORIES THEREOF;",0.00,566.51,-566.51,3.762,2025-2026
KOREA RP,29,ORGANIC CHEMICALS,648.08,1205.96,-557.88,3.705,2025-2026
KOREA RP,40,RUBBER AND ARTICLES THEREOF.,0.00,428.67,-428.67,2.847,2025-2026
KOREA RP,71,"NATURAL OR CULTURED PEARLS,PRECIOUS OR SEMIPRECIOUS STONES,PRE.METALS,CLAD WITH PRE.METAL AND ARTCLS THEREOF;IMIT.JEWLRY;COIN.",187.02,0.00,187.02,0.000,2025-2026
KOREA RP,74,COPPER AND ARTICLES THEREOF.,318.24,0.00,318.24,0.000,2025-2026
KOREA RP,78,LEAD AND ARTICLES THEREOF.,342.70,0.00,342.70,0.000,2025-2026
KOREA RP,76,ALUMINIUM AND ARTICLES THEREOF.,584.65,0.00,584.65,0.000,2025-2026
SWITZERLAND,71,"NATURAL OR CULTURED PEARLS,PRECIOUS OR SEMIPRECIOUS STONES,PRE.METALS,CLAD WITH PRE.METAL AND ARTCLS THEREOF;IMIT.JEWLRY;COIN.",286.52,20780.88,-20494.36,89.167,2025-2026
SWITZERLAND,30,PHARMACEUTICAL PRODUCTS,14.29,493.97,-479.68,2.087,2025-2026
SWITZERLAND,84,"NUCLEAR REACTORS, BOILERS, MACHINERY AND MECHANICAL APPLIANCES; PARTS THEREOF.",61.18,527.03,-465.85,2.027,2025-2026
SWITZERLAND,90,"OPTICAL, PHOTOGRAPHIC CINEMATOGRAPHIC MEASURING, CHECKING PRECISION, MEDICAL OR SURGICAL INST. AND APPARATUS PARTS AND ACCESSORIES THEREOF;",25.35,418.26,-392.91,1.709,2025-2026
SWITZERLAND,91,CLOCKS AND WATCHES AND PARTS THEREOF.,29.28,399.72,-370.44,1.612,2025-2026
SWITZERLAND,27,"MINERAL FUELS, MINERAL OILS AND PRODUCTS OF THEIR DISTILLATION; BITUMINOUS SUBSTANCES; MINERAL WAXES.",0.00,274.44,-274.44,1.194,2025-2026
SWITZERLAND,15,ANIMAL OR VEGETABLE FATS AND OILS AND THEIR CLEAVAGE PRODUCTS; PRE. EDIBLE FATS; ANIMAL OR VEGETABLE WAXEX.,0.00,216.85,-216.85,0.943,2025-2026
SWITZERLAND,85,"ELECTRICAL MACHINERY AND EQUIPMENT AND PARTS THEREOF; SOUND RECORDERS AND REPRODUCERS, TELEVISION IMAGE AND SOUND RECORDERS AND REPRODUCERS,AND PARTS.",30.12,195.72,-165.60,0.720,2025-2026
SWITZERLAND,38,MISCELLANEOUS CHEMICAL PRODUCTS.,0.00,124.01,-124.01,0.540,2025-2026
SWITZERLAND,88,"AIRCRAFT, SPACECRAFT, AND PARTS THEREOF.",15.20,0.00,15.20,0.000,2025-2026
SWITZERLAND,62,"ARTICLES OF APPAREL AND CLOTHING ACCESSORIES, NOT KNITTED OR CROCHETED.",15.25,0.00,15.25,0.000,2025-2026
SWITZERLAND,61,"ARTICLES OF APPAREL AND CLOTHING ACCESSORIES, KNITTED OR CORCHETED.",21.41,0.00,21.41,0.000,2025-2026
SWITZERLAND,29,ORGANIC CHEMICALS,578.41,196.13,382.28,0.000,2025-2026
