fiscal_year,country,export_usd_mn,import_usd_mn,total_trade_usd_mn,trade_balance_usd_mn,export_share_pct,import_share_pct,total_trade_share_pct,export_rank,import_rank,total_trade_rank,previous_fiscal_year,previous_export_usd_mn,previous_import_usd_mn,previous_total_trade_usd_mn,previous_trade_balance_usd_mn,export_yoy_pct,import_yoy_pct,data_status
2025-2026,CHINA P RP,19471.08,131633.36,151104.44,-112162.28,4.41,16.99,12.42,3,1,1,2024-2025,14252.21,113447.34,127699.55,-99195.14,36.62,16.03,provisional
2025-2026,U S A,87316.01,52900.09,140216.1,34415.92,19.77,6.83,11.52,1,4,2,2024-2025,86514.28,45625.2,132139.48,40889.09,0.93,15.94,provisional
2025-2026,U ARAB EMTS,37359.11,63894.47,101253.59,-26535.36,8.46,8.24,8.32,2,2,3,2024-2025,36638.02,63403.01,100041.03,-26764.99,1.97,0.78,provisional
2025-2026,RUSSIA,4493.51,55369.62,59863.13,-50876.12,1.02,7.14,4.92,29,3,4,2024-2025,4881.3,63811.44,68692.74,-58930.14,-7.94,-13.23,provisional
2025-2026,SAUDI ARAB,10281.13,30790.28,41071.4,-20509.15,2.33,3.97,3.38,9,5,5,2024-2025,11756.65,30121.12,41877.78,-18364.47,-12.55,2.22,provisional
2025-2026,SINGAPORE,11863.66,24240.58,36104.24,-12376.91,2.69,3.13,2.97,6,9,6,2024-2025,12976.15,21282.12,34258.27,-8305.98,-8.57,13.9,provisional
2025-2026,HONG KONG,8081.83,24331.02,32412.85,-16249.19,1.83,3.14,2.66,10,7,7,2024-2025,6066.71,19729.22,25795.94,-13662.51,33.22,23.32,provisional
2025-2026,GERMANY,11526.04,19433.72,30959.76,-7907.67,2.61,2.51,2.54,7,13,8,2024-2025,10628.61,18947.62,29576.24,-8319.01,8.44,2.57,provisional
2025-2026,IRAQ,2958.2,24558.5,27516.7,-21600.3,0.67,3.17,2.26,36,6,9,2024-2025,3272.52,28891.2,32163.72,-25618.67,-9.6,-15,provisional
2025-2026,JAPAN,6039.5,21436.87,27476.37,-15397.37,1.37,2.77,2.26,21,10,10,2024-2025,6249.32,18915.34,25164.66,-12666.02,-3.36,13.33,provisional
2025-2026,KOREA RP,6012.04,21354.67,27366.7,-15342.63,1.36,2.76,2.25,22,11,11,2024-2025,5819.64,21064.21,26883.85,-15244.57,3.31,1.38,provisional
2025-2026,SWITZERLAND,1213.37,24275.11,25488.48,-23061.74,0.27,3.13,2.09,52,8,12,2024-2025,1475.41,21795.8,23271.21,-20320.39,-17.76,11.38,provisional
2025-2026,U K,13444.2,11682.43,25126.62,1761.77,3.04,1.51,2.07,5,18,13,2024-2025,14549.95,8582.78,23132.73,5967.18,-7.6,36.11,provisional
2025-2026,INDONESIA,4491.36,20292.32,24783.68,-15800.96,1.02,2.62,2.04,30,12,14,2024-2025,5380.18,22778.03,28158.21,-17397.85,-16.52,-10.91,provisional
2025-2026,NETHERLAND,17500.71,5786.3,23287.01,11714.41,3.96,0.75,1.91,4,32,15,2024-2025,22763.41,4994.81,27758.23,17768.6,-23.12,15.85,provisional
2025-2026,THAILAND,5058.6,16426.96,21485.56,-11368.36,1.15,2.12,1.77,26,14,16,2024-2025,4812.58,14267.08,19079.67,-9454.5,5.11,15.14,provisional
2025-2026,AUSTRALIA,7284.18,13811.35,21095.53,-6527.17,1.65,1.78,1.73,13,16,17,2024-2025,8581.38,15526.46,24107.84,-6945.08,-15.12,-11.05,provisional
2025-2026,MALAYSIA,6825.55,14177.02,21002.57,-7351.47,1.55,1.83,1.73,18,15,18,2024-2025,7316.85,12538.68,19855.53,-5221.83,-6.71,13.07,provisional
2025-2026,VIETNAM SOC REP,6665.86,11615.23,18281.09,-4949.37,1.51,1.5,1.5,19,19,19,2024-2025,5428.92,10333.95,15762.87,-4905.03,22.78,12.4,provisional
2025-2026,SOUTH AFRICA,7008.41,8560.7,15569.12,-1552.29,1.59,1.1,1.28,16,22,20,2024-2025,7462.28,10547.45,18009.73,-3085.18,-6.08,-18.84,provisional
2025-2026,FRANCE,7102.46,8398.95,15501.41,-1296.5,1.61,1.08,1.27,14,23,21,2024-2025,7960.06,7231.39,15191.45,728.67,-10.77,16.15,provisional
2025-2026,BRAZIL,7022.1,8050.64,15072.74,-1028.54,1.59,1.04,1.24,15,24,22,2024-2025,6771.01,5435.01,12206.02,1336.01,3.71,48.13,provisional
2025-2026,ITALY,7790.22,6663.13,14453.34,1127.09,1.76,0.86,1.19,11,28,23,2024-2025,7727.33,6014.4,13741.73,1712.93,0.81,10.79,provisional
2025-2026,QATAR,1620.33,12292.6,13912.93,-10672.27,0.37,1.59,1.14,44,17,24,2024-2025,1682.48,12463.79,14146.26,-10781.31,-3.69,-1.37,provisional
2025-2026,BELGIUM,6598.64,6410.77,13009.41,187.87,1.49,0.83,1.07,20,29,25,2024-2025,6320.14,6589.99,12910.13,-269.85,4.41,-2.72,provisional
2025-2026,BANGLADESH PR,10587.38,1780.26,12367.64,8807.11,2.4,0.23,1.02,8,48,26,2024-2025,11485.26,2005.04,13490.3,9480.22,-7.82,-11.21,provisional
2025-2026,OMAN,4021.48,7166.39,11187.87,-3144.91,0.91,0.92,0.92,32,26,27,2024-2025,4065.35,6548.73,10614.08,-2483.38,-1.08,9.43,provisional
2025-2026,TAIWAN,1948.79,8880.9,10829.68,-6932.11,0.44,1.15,0.89,41,20,28,2024-2025,1781.7,10006.95,11788.65,-8225.24,9.38,-11.25,provisional
2025-2026,PERU,1149.13,8870.47,10019.6,-7721.33,0.26,1.14,0.82,54,21,29,2024-2025,1002.26,4981.09,5983.35,-3978.82,14.65,78.08,provisional
2025-2026,KUWAIT,1651.74,7917.44,9569.18,-6265.71,0.37,1.02,0.79,43,25,30,2024-2025,1934.81,8285.74,10220.54,-6350.93,-14.63,-4.44,provisional
2025-2026,NEPAL,7438.9,1941.87,9380.76,5497.03,1.68,0.25,0.77,12,46,31,2024-2025,7385.98,1288.83,8674.82,6097.15,0.72,50.67,provisional
2025-2026,SPAIN,6961.24,2234.18,9195.42,4727.05,1.58,0.29,0.76,17,43,32,2024-2025,4763.75,2217.7,6981.45,2546.05,46.13,0.74,provisional
2025-2026,NIGERIA,3132.34,5895.84,9028.18,-2763.5,0.71,0.76,0.74,35,31,33,2024-2025,2945.5,4192.22,7137.72,-1246.72,6.34,40.64,provisional
2025-2026,TANZANIA REP,5420.1,3602.61,9022.71,1817.5,1.23,0.46,0.74,25,36,34,2024-2025,4789.61,3850.64,8640.24,938.97,13.16,-6.44,provisional
2025-2026,GHANA,1292.08,6680.07,7972.15,-5388,0.29,0.86,0.66,48,27,35,2024-2025,1346.75,1790.54,3137.29,-443.79,-4.06,273.08,provisional
2025-2026,CANADA,4671.11,3252.03,7923.13,1419.08,1.06,0.42,0.65,27,37,36,2024-2025,4222.27,4447.13,8669.4,-224.86,10.63,-26.87,provisional
2025-2026,MEXICO,5727.12,2106.15,7833.27,3620.97,1.3,0.27,0.64,23,44,37,2024-2025,5749.01,2869.02,8618.03,2879.99,-0.38,-26.59,provisional
2025-2026,SRI LANKA DSR,5516.84,1658.59,7175.43,3858.24,1.25,0.21,0.59,24,51,38,2024-2025,4550.78,1302.97,5853.74,3247.81,21.23,27.29,provisional
2025-2026,IRELAND,785.71,6128.9,6914.61,-5343.19,0.18,0.79,0.57,72,30,39,2024-2025,864.67,5129.02,5993.69,-4264.35,-9.13,19.49,provisional
2025-2026,TURKEY,4544.88,2342.78,6887.65,2202.1,1.03,0.3,0.57,28,41,40,2024-2025,5716.54,2993.27,8709.81,2723.27,-20.5,-21.73,provisional
2025-2026,EGYPT A RP,3932.12,2603.24,6535.36,1328.88,0.89,0.34,0.54,34,40,41,2024-2025,3411.36,1328.53,4739.89,2082.83,15.27,95.95,provisional
2025-2026,CHILE,1220.33,5034.87,6255.19,-3814.54,0.28,0.65,0.51,51,33,42,2024-2025,1153.8,2604.28,3758.09,-1450.48,5.77,93.33,provisional
2025-2026,ARGENTINA,1013.06,4955.02,5968.08,-3941.96,0.23,0.64,0.49,59,34,43,2024-2025,1018.54,3736.89,4755.43,-2718.36,-0.54,32.6,provisional
2025-2026,ANGOLA,780.41,4862.8,5643.21,-4082.4,0.18,0.63,0.46,73,35,44,2024-2025,524.35,4509.08,5033.43,-3984.72,48.83,7.84,provisional
2025-2026,UNSPECIFIED,4325.7,393.03,4718.73,3932.67,0.98,0.05,0.39,31,78,45,2024-2025,3579.33,159.57,3738.9,3419.76,20.85,146.3,provisional
2025-2026,COLOMBIA,1805.72,2902.76,4708.48,-1097.04,0.41,0.37,0.39,42,38,46,2024-2025,1471.65,3245.26,4716.92,-1773.61,22.7,-10.55,provisional
2025-2026,KENYA,4016.64,296.2,4312.84,3720.44,0.91,0.04,0.35,33,85,47,2024-2025,3134.05,318.7,3452.75,2815.35,28.16,-7.06,provisional
2025-2026,POLAND,2796.27,1252.55,4048.82,1543.73,0.63,0.16,0.33,37,56,48,2024-2025,2618.61,1266.23,3884.84,1352.38,6.78,-1.08,provisional
2025-2026,MOROCCO,1067.53,2896.87,3964.4,-1829.34,0.24,0.37,0.33,57,39,49,2024-2025,967.05,1590.39,2557.44,-623.34,10.39,82.15,provisional
2025-2026,ISRAEL,2235.18,1688.57,3923.74,546.61,0.51,0.22,0.32,40,50,50,2024-2025,2145.01,1481.48,3626.49,663.53,4.2,13.98,provisional
2025-2026,PHILIPPINES,2332.31,1568.43,3900.74,763.88,0.53,0.2,0.32,39,53,51,2024-2025,2162.43,1178.4,3340.83,984.03,7.86,33.1,provisional
2025-2026,MOZAMBIQUE,1496.15,2289.46,3785.61,-793.32,0.34,0.3,0.31,45,42,52,2024-2025,1323.39,2097.24,3420.64,-773.85,13.05,9.17,provisional
2025-2026,TOGO,2512.37,851.27,3363.64,1661.09,0.57,0.11,0.28,38,63,53,2024-2025,2522.05,925.13,3447.18,1596.91,-0.38,-7.98,provisional
2025-2026,SWEDEN,1371.1,1967.19,3338.29,-596.09,0.31,0.25,0.27,46,45,54,2024-2025,1262.05,2120.23,3382.28,-858.19,8.64,-7.22,provisional
2025-2026,JORDAN,1165.34,1877.34,3042.68,-712,0.26,0.24,0.25,53,47,55,2024-2025,755.14,1911.6,2666.74,-1156.46,54.32,-1.79,provisional
2025-2026,GUINEA,941.93,1472.08,2414.01,-530.15,0.21,0.19,0.2,67,54,56,2024-2025,901.08,679.96,1581.04,221.12,4.53,116.5,provisional
2025-2026,AUSTRIA,1307.81,1037.31,2345.12,270.51,0.3,0.13,0.19,47,59,57,2024-2025,1405.72,949.09,2354.8,456.63,-6.96,9.3,provisional
2025-2026,HUNGARY,559.22,1700.79,2260,-1141.57,0.13,0.22,0.19,81,49,58,2024-2025,533.65,474.35,1008,59.3,4.79,258.55,provisional
2025-2026,BHUTAN,1245.33,820.51,2065.84,424.83,0.28,0.11,0.17,50,65,59,2024-2025,1263.83,641.71,1905.54,622.11,-1.46,27.86,provisional
2025-2026,DOMINIC REP,411.12,1644.42,2055.54,-1233.31,0.09,0.21,0.17,92,52,60,2024-2025,381.67,730.02,1111.69,-348.35,7.71,125.26,provisional
2025-2026,SENEGAL,1140.35,914.22,2054.57,226.13,0.26,0.12,0.17,55,61,61,2024-2025,1001.1,739.48,1740.58,261.62,13.91,23.63,provisional
2025-2026,MYANMAR,807.7,1149.45,1957.15,-341.74,0.18,0.15,0.16,69,57,62,2024-2025,614.3,1533.95,2148.26,-919.65,31.48,-25.07,provisional
2025-2026,DENMARK,965.93,922.83,1888.76,43.09,0.22,0.12,0.16,63,60,63,2024-2025,871.41,790.75,1662.16,80.67,10.85,16.7,provisional
2025-2026,CZECH REPUBLIC,1006.02,814.4,1820.42,191.63,0.23,0.11,0.15,60,66,64,2024-2025,2062.69,726.49,2789.19,1336.2,-51.23,12.1,provisional
2025-2026,FINLAND,546.9,1139.67,1686.57,-592.77,0.12,0.15,0.14,83,58,65,2024-2025,471.82,838.03,1309.86,-366.21,15.91,35.99,provisional
2025-2026,BAHARAIN IS,778.98,887.76,1666.74,-108.78,0.18,0.11,0.14,74,62,66,2024-2025,797.47,843.44,1640.91,-45.97,-2.32,5.25,provisional
2025-2026,IRAN,1258.69,375.49,1634.17,883.2,0.28,0.05,0.13,49,79,67,2024-2025,1241.15,441.83,1682.98,799.32,1.41,-15.02,provisional
2025-2026,COTE D' IVOIRE,914.01,621.03,1535.04,292.98,0.21,0.08,0.13,68,72,68,2024-2025,989.52,554.55,1544.07,434.97,-7.63,11.99,provisional
2025-2026,ALGERIA,1061.28,358.65,1419.93,702.63,0.24,0.05,0.12,58,80,69,2024-2025,947.04,760.06,1707.09,186.98,12.06,-52.81,provisional
2025-2026,BOLIVIA,55.99,1257.81,1313.8,-1201.82,0.01,0.16,0.11,151,55,70,2024-2025,70.12,369.46,439.58,-299.35,-20.15,240.44,provisional
2025-2026,GREECE,1067.79,212.82,1280.61,854.98,0.24,0.03,0.11,56,97,71,2024-2025,1056.17,382.04,1438.21,674.12,1.1,-44.3,provisional
2025-2026,ROMANIA,974.77,250.7,1225.47,724.07,0.22,0.03,0.1,61,90,72,2024-2025,1036.01,410.17,1446.19,625.84,-5.91,-38.88,provisional
2025-2026,LIBYA,575.38,630.64,1206.03,-55.26,0.13,0.08,0.1,79,71,73,2024-2025,650.37,223.86,874.24,426.51,-11.53,181.71,provisional
2025-2026,NEW ZEALAND,566.51,589.1,1155.62,-22.59,0.13,0.08,0.09,80,74,74,2024-2025,711.1,587.13,1298.23,123.97,-20.33,0.34,provisional
2025-2026,PORTUGAL,947.56,197.97,1145.53,749.6,0.21,0.03,0.09,66,99,75,2024-2025,920.25,205.92,1126.16,714.33,2.97,-3.86,provisional
2025-2026,SUDAN,949.19,178.93,1128.12,770.26,0.21,0.02,0.09,65,102,76,2024-2025,589.03,427.55,1016.58,161.49,61.14,-58.15,provisional
2025-2026,NORWAY,471.88,635.29,1107.17,-163.41,0.11,0.08,0.09,85,70,77,2024-2025,425.01,632.8,1057.82,-207.79,11.03,0.39,provisional
2025-2026,UKRAINE,220.14,851.03,1071.17,-630.9,0.05,0.11,0.09,112,64,78,2024-2025,187.4,1036.88,1224.28,-849.48,17.47,-17.92,provisional
2025-2026,BENIN,954.77,113,1067.77,841.77,0.22,0.01,0.09,64,112,79,2024-2025,1194.98,130.51,1325.49,1064.46,-20.1,-13.42,provisional
2025-2026,SLOVENIA,765.17,298.83,1064,466.34,0.17,0.04,0.09,75,84,80,2024-2025,586.74,259.88,846.62,326.86,30.41,14.99,provisional
2025-2026,DJIBOUTI,970.75,21.42,992.17,949.34,0.22,0,0.08,62,143,81,2024-2025,677.24,18.56,695.8,658.68,43.34,15.38,provisional
2025-2026,YEMEN REPUBLC,805.76,105.65,911.41,700.11,0.18,0.01,0.07,70,115,82,2024-2025,855.7,154.99,1010.69,700.71,-5.84,-31.84,provisional
2025-2026,GABON,98.32,811.99,910.32,-713.67,0.02,0.1,0.07,137,67,83,2024-2025,94.12,315.77,409.89,-221.66,4.47,157.15,provisional
2025-2026,AFGHANISTAN,253.63,654.22,907.85,-400.59,0.06,0.08,0.07,107,68,84,2024-2025,318.91,689.81,1008.72,-370.9,-20.47,-5.16,provisional
2025-2026,CONGO D. REP.,659.34,215.8,875.14,443.54,0.15,0.03,0.07,76,96,85,2024-2025,562.9,443.22,1006.12,119.68,17.13,-51.31,provisional
2025-2026,CONGO P REP,209.2,645.04,854.24,-435.84,0.05,0.08,0.07,115,69,86,2024-2025,178.39,370.19,548.58,-191.8,17.27,74.25,provisional
2025-2026,SOMALIA,789.07,32.77,821.84,756.3,0.18,0,0.07,71,138,87,2024-2025,765.67,35.2,800.87,730.46,3.06,-6.9,provisional
2025-2026,CAMEROON,549.51,225.95,775.46,323.56,0.12,0.03,0.06,82,95,88,2024-2025,596.15,337.4,933.55,258.75,-7.82,-33.03,provisional
2025-2026,MALDIVES,458.71,313.05,771.76,145.67,0.1,0.04,0.06,86,82,89,2024-2025,560.88,118.82,679.69,442.06,-18.22,163.47,provisional
2025-2026,GUATEMALA,656.09,51.92,708.01,604.17,0.15,0.01,0.06,78,130,90,2024-2025,633.93,28.98,662.91,604.95,3.5,79.16,provisional
2025-2026,PAPUA N GNA,73.39,616.31,689.7,-542.92,0.02,0.08,0.06,145,73,91,2024-2025,70.38,363.17,433.55,-292.79,4.27,69.7,provisional
2025-2026,ETHIOPIA,438.15,248.51,686.67,189.64,0.1,0.03,0.06,88,91,92,2024-2025,476.81,73.38,550.2,403.43,-8.11,238.66,provisional
2025-2026,VENEZUELA,210.02,468.92,678.94,-258.9,0.05,0.06,0.06,114,75,93,2024-2025,216.99,1646.71,1863.7,-1429.72,-3.21,-71.52,provisional
2025-2026,UZBEKISTAN,657.91,14.64,672.55,643.28,0.15,0,0.06,77,148,94,2024-2025,517.72,14.69,532.41,503.03,27.08,-0.35,provisional
2025-2026,BOTSWANA,167.53,446.47,613.99,-278.94,0.04,0.06,0.05,121,76,95,2024-2025,173.44,332.9,506.33,-159.46,-3.41,34.12,provisional
2025-2026,NAMIBIA,349.09,243.85,592.93,105.24,0.08,0.03,0.05,94,92,96,2024-2025,327.21,241.19,568.39,86.02,6.69,1.1,provisional
2025-2026,BURKINA FASO,145.74,434.07,579.81,-288.33,0.03,0.06,0.05,125,77,97,2024-2025,144.39,80.43,224.82,63.96,0.93,439.69,provisional
2025-2026,ECUADOR,447.42,126.74,574.16,320.68,0.1,0.02,0.05,87,109,98,2024-2025,316.69,351.84,668.53,-35.15,41.28,-63.98,provisional
2025-2026,MAURITIUS,473.64,99,572.64,374.64,0.11,0.01,0.05,84,117,99,2024-2025,676.49,210.82,887.31,465.68,-29.99,-53.04,provisional
2025-2026,PANAMA REPUBLIC,310.89,242.4,553.29,68.49,0.07,0.03,0.05,100,93,100,2024-2025,287.43,165.88,453.31,121.54,8.16,46.13,provisional
2025-2026,TUNISIA,385.3,151.33,536.63,233.98,0.09,0.02,0.04,93,106,101,2024-2025,377.99,143.72,521.71,234.26,1.94,5.29,provisional
2025-2026,URUGUAY,237.83,289.55,527.37,-51.72,0.05,0.04,0.04,109,86,102,2024-2025,153.29,152.51,305.81,0.78,55.15,89.85,provisional
2025-2026,LITHUANIA,218.66,271.96,490.62,-53.3,0.05,0.04,0.04,113,88,103,2024-2025,258.06,164.33,422.39,93.73,-15.27,65.49,provisional
2025-2026,MADAGASCAR,300.4,185.34,485.74,115.06,0.07,0.02,0.04,103,101,104,2024-2025,268.8,186.94,455.74,81.85,11.76,-0.86,provisional
2025-2026,LATVIA,311.61,164.05,475.66,147.55,0.07,0.02,0.04,99,104,105,2024-2025,235.94,237,472.94,-1.06,32.07,-30.78,provisional
2025-2026,BULGARIA,306.73,167.36,474.09,139.37,0.07,0.02,0.04,101,103,106,2024-2025,230.44,296.69,527.12,-66.25,33.11,-43.59,provisional
2025-2026,UGANDA,430.29,42.33,472.62,387.96,0.1,0.01,0.04,89,134,107,2024-2025,451.5,230.7,682.2,220.8,-4.7,-81.65,provisional
2025-2026,ZAMBIA,229.87,236.38,466.25,-6.51,0.05,0.03,0.04,111,94,108,2024-2025,212.56,167,379.56,45.56,8.14,41.55,provisional
2025-2026,MALTA,415.09,43.87,458.96,371.22,0.09,0.01,0.04,91,133,109,2024-2025,351.09,24.01,375.09,327.08,18.23,82.74,provisional
2025-2026,SIERRA LEONE,419.02,30.96,449.99,388.06,0.09,0,0.04,90,139,110,2024-2025,385.47,22.95,408.42,362.53,8.7,34.93,provisional
2025-2026,SEYCHELLES,83.26,350.39,433.65,-267.13,0.02,0.05,0.04,144,81,111,2024-2025,196.03,150.87,346.9,45.16,-57.52,132.25,provisional
2025-2026,GEORGIA,345.18,87.03,432.21,258.15,0.08,0.01,0.04,95,119,112,2024-2025,288.98,74.66,363.63,214.32,19.45,16.57,provisional
2025-2026,GUYANA,152.75,278.13,430.88,-125.38,0.03,0.04,0.04,123,87,113,2024-2025,92.59,4.34,96.93,88.25,64.98,6307.7,provisional
2025-2026,ARMENIA,305.51,102.26,407.76,203.25,0.07,0.01,0.03,102,116,114,2024-2025,264.51,50.67,315.18,213.84,15.5,101.8,provisional
2025-2026,CAMBODIA,280.27,126.51,406.78,153.76,0.06,0.02,0.03,104,110,115,2024-2025,201.11,97.6,298.71,103.5,39.36,29.61,provisional
2025-2026,LEBANON,318.36,87.36,405.72,231,0.07,0.01,0.03,97,118,116,2024-2025,337.05,85.17,422.21,251.88,-5.54,2.58,provisional
2025-2026,COSTA RICA,250.06,141.43,391.5,108.63,0.06,0.02,0.03,108,107,117,2024-2025,223.87,115,338.87,108.87,11.7,22.98,provisional
2025-2026,LIBERIA,345.15,44.91,390.06,300.25,0.08,0.01,0.03,96,132,118,2024-2025,376.33,20.39,396.73,355.94,-8.28,120.19,provisional
2025-2026,CROATIA,313.31,76.28,389.6,237.03,0.07,0.01,0.03,98,123,119,2024-2025,335.76,76.74,412.5,259.02,-6.69,-0.59,provisional
2025-2026,BRUNEI,65.35,299.18,364.54,-233.83,0.01,0.04,0.03,149,83,120,2024-2025,58.67,128.79,187.47,-70.12,11.38,132.3,provisional
2025-2026,HONDURAS,256.58,83.04,339.61,173.54,0.06,0.01,0.03,106,120,121,2024-2025,274.47,35.31,309.78,239.17,-6.52,135.17,provisional
2025-2026,MALI,128.49,198.12,326.61,-69.63,0.03,0.03,0.03,128,98,122,2024-2025,128.08,82.52,210.6,45.55,0.32,140.08,provisional
2025-2026,SLOVAK REP,235.1,77.8,312.9,157.3,0.05,0.01,0.03,110,122,123,2024-2025,380.38,74.23,454.61,306.16,-38.19,4.81,provisional
2025-2026,PUERTO RICO,130.8,163.17,293.96,-32.37,0.03,0.02,0.02,127,105,124,2024-2025,135.05,267.27,402.31,-132.22,-3.15,-38.95,provisional
2025-2026,GUINEA BISSAU,13.99,265.33,279.32,-251.34,0,0.03,0.02,172,89,125,2024-2025,22.42,181.38,203.79,-158.96,-37.6,46.29,provisional
2025-2026,TURKMENISTAN,91.86,186.3,278.16,-94.44,0.02,0.02,0.02,139,100,126,2024-2025,54.16,162.02,216.18,-107.86,69.6,14.99,provisional
2025-2026,TRINIDAD,149.16,118.57,267.73,30.59,0.03,0.02,0.02,124,111,127,2024-2025,120.65,220.96,341.61,-100.31,23.63,-46.34,provisional
2025-2026,KAZAKHSTAN,185.23,81.65,266.89,103.58,0.04,0.01,0.02,117,121,128,2024-2025,262.98,86.19,349.18,176.79,-29.56,-5.27,provisional
2025-2026,PAKISTAN IR,258.15,0.07,258.22,258.08,0.06,0,0.02,105,205,129,2024-2025,557.78,0.46,558.24,557.33,-53.72,-84.96,provisional
2025-2026,MAURITANIA,160.66,67.39,228.05,93.27,0.04,0.01,0.02,122,128,130,2024-2025,114.83,22.63,137.46,92.2,39.91,197.81,provisional
2025-2026,ESTONIA,109.67,110.11,219.78,-0.44,0.02,0.01,0.02,131,113,131,2024-2025,69.66,115.2,184.86,-45.55,57.45,-4.42,provisional
2025-2026,PARAGUAY,188.22,26.26,214.48,161.96,0.04,0,0.02,116,142,132,2024-2025,180.47,33.41,213.88,147.06,4.29,-21.41,provisional
2025-2026,GAMBIA,137.82,69.23,207.06,68.59,0.03,0.01,0.02,126,126,133,2024-2025,116.16,45.04,161.2,71.11,18.65,53.71,provisional
2025-2026,EL SALVADOR,184.42,3.9,188.32,180.52,0.04,0,0.02,118,162,134,2024-2025,149.09,3.79,152.88,145.3,23.7,2.87,provisional
2025-2026,NICARAGUA,180.22,5.91,186.13,174.3,0.04,0,0.02,119,156,135,2024-2025,159.33,23.98,183.3,135.35,13.11,-75.33,provisional
2025-2026,ZIMBABWE,172.56,9.59,182.15,162.96,0.04,0,0.01,120,153,136,2024-2025,149.31,17.68,166.98,131.63,15.57,-45.74,provisional
2025-2026,SERBIA,120.4,47.07,167.47,73.33,0.03,0.01,0.01,130,131,137,2024-2025,100,24.69,124.69,75.31,20.4,90.63,provisional
2025-2026,NIGER,87.5,71.89,159.39,15.62,0.02,0.01,0.01,142,124,138,2024-2025,72.68,32.92,105.6,39.75,20.4,118.35,provisional
2025-2026,CYPRUS,89.34,68.39,157.73,20.95,0.02,0.01,0.01,140,127,139,2024-2025,89.92,48.82,138.74,41.1,-0.65,40.08,provisional
2025-2026,EQUTL GUINEA,23.82,129.46,153.28,-105.64,0.01,0.02,0.01,166,108,140,2024-2025,19.18,444.14,463.32,-424.96,24.2,-70.85,provisional
2025-2026,HAITI,126.49,16.45,142.94,110.04,0.03,0,0.01,129,147,141,2024-2025,89.03,8.54,97.57,80.48,42.08,92.52,provisional
2025-2026,LUXEMBOURG,26.45,110.09,136.54,-83.64,0.01,0.01,0.01,162,114,142,2024-2025,49.9,96.02,145.92,-46.12,-47,14.66,provisional
2025-2026,BELARUS,71.79,55.36,127.15,16.43,0.02,0.01,0.01,146,129,143,2024-2025,69.33,37.17,106.5,32.16,3.55,48.94,provisional
2025-2026,SYRIA,104.04,21.37,125.42,82.67,0.02,0,0.01,132,144,144,2024-2025,63.71,16.18,79.89,47.53,63.32,32.08,provisional
2025-2026,MALAWI,83.36,41.85,125.21,41.51,0.02,0.01,0.01,143,135,145,2024-2025,94.56,76.08,170.64,18.49,-11.85,-44.99,provisional
2025-2026,CHAD,102.64,21.23,123.87,81.4,0.02,0,0.01,133,145,146,2024-2025,81.27,23.1,104.37,58.17,26.29,-8.09,provisional
2025-2026,RWANDA,100.31,11.73,112.04,88.58,0.02,0,0.01,135,151,147,2024-2025,98.74,13.69,112.44,85.05,1.59,-14.33,provisional
2025-2026,JAMAICA,102.21,3.55,105.77,98.66,0.02,0,0.01,134,163,148,2024-2025,93.01,8.69,101.7,84.32,9.9,-59.1,provisional
2025-2026,MONTENEGRO,99.11,1.52,100.62,97.59,0.02,0,0.01,136,178,149,2024-2025,124.67,1.75,126.42,122.92,-20.51,-13.06,provisional
2025-2026,FIJI IS,96.26,2.56,98.81,93.7,0.02,0,0.01,138,169,150,2024-2025,84.67,1.54,86.21,83.12,13.69,65.78,provisional
2025-2026,LAO PD RP,25.65,71.51,97.16,-45.86,0.01,0.01,0.01,163,125,151,2024-2025,12.52,11.63,24.15,0.89,104.93,514.76,provisional
2025-2026,ALBANIA,88.23,4.78,93.01,83.44,0.02,0,0.01,141,159,152,2024-2025,77.36,6.9,84.26,70.47,14.04,-30.63,provisional
2025-2026,COMOROS,45.9,40.34,86.25,5.56,0.01,0.01,0.01,154,137,153,2024-2025,36.93,13.84,50.77,23.09,24.3,191.5,provisional
2025-2026,REUNION,54.76,29.14,83.9,25.61,0.01,0,0.01,152,141,154,2024-2025,49.04,28.88,77.92,20.16,11.65,0.92,provisional
2025-2026,SOUTH SUDAN,31.61,41.29,72.9,-9.69,0.01,0.01,0.01,157,136,155,2024-2025,21.26,0.15,21.41,21.11,48.67,27755.86,provisional
2025-2026,ICELAND,69.21,3.3,72.51,65.91,0.02,0,0.01,147,164,156,2024-2025,66.01,11.05,77.06,54.95,4.86,-70.15,provisional
2025-2026,AZERBAIJAN,67.71,1.84,69.55,65.86,0.02,0,0.01,148,174,157,2024-2025,93.97,2.21,96.18,91.75,-27.95,-16.68,provisional
2025-2026,TAJIKISTAN,58.12,0.79,58.91,57.33,0.01,0,0,150,189,158,2024-2025,45.68,0,45.68,45.67,27.25,115714.89,provisional
2025-2026,KYRGHYZSTAN,44.56,13.89,58.45,30.67,0.01,0,0,155,149,159,2024-2025,46.26,7.43,53.7,38.83,-3.68,86.87,provisional
2025-2026,TIMOR LESTE,51.97,0.23,52.2,51.74,0.01,0,0,153,199,160,2024-2025,38.41,0.01,38.42,38.41,35.29,4477.97,provisional
2025-2026,SURINAME,26.69,20.98,47.67,5.71,0.01,0,0,161,146,161,2024-2025,28.55,32.8,61.34,-4.25,-6.5,-36.02,provisional
2025-2026,NEW CALEDONIA,8.3,29.63,37.93,-21.33,0,0,0,180,140,162,2024-2025,5.82,7.07,12.89,-1.25,42.53,319.02,provisional
2025-2026,MONGOLIA,35.76,1.13,36.89,34.63,0.01,0,0,156,183,163,2024-2025,26.46,0.11,26.57,26.35,35.16,923.27,provisional
2025-2026,NETHERLANDANTIL,29.25,4.55,33.8,24.69,0.01,0,0,160,160,164,2024-2025,21.68,3.75,25.44,17.93,34.89,21.3,provisional
2025-2026,MACEDONIA,31.17,1.36,32.52,29.81,0.01,0,0,158,179,165,2024-2025,33.73,2.01,35.74,31.72,-7.59,-32.38,provisional
2025-2026,BURUNDI,29.42,1.02,30.44,28.39,0.01,0,0,159,186,166,2024-2025,29.37,1.22,30.59,28.15,0.15,-16.22,provisional
2025-2026,BOSNIA-HRZGOVIN,24.17,2.67,26.84,21.51,0.01,0,0,165,168,167,2024-2025,17.33,6.81,24.14,10.53,39.46,-60.79,provisional
2025-2026,BARBADOS,25.58,1.07,26.65,24.5,0.01,0,0,164,185,168,2024-2025,27.61,1.6,29.21,26,-7.35,-32.93,provisional
2025-2026,CUBA,18.79,5.52,24.31,13.28,0,0,0,167,157,169,2024-2025,15.27,3.19,18.46,12.08,23.06,72.71,provisional
2025-2026,BAHAMAS,16.38,7.42,23.8,8.96,0,0,0,169,154,170,2024-2025,11.47,6.08,17.56,5.39,42.77,22.02,provisional
2025-2026,SWAZILAND,11.81,11.89,23.7,-0.08,0,0,0,175,150,171,2024-2025,18.57,33.61,52.18,-15.04,-36.42,-64.63,provisional
2025-2026,VIRGIN IS US,18.34,0.31,18.65,18.02,0,0,0,168,195,172,2024-2025,4.73,0.24,4.97,4.5,287.55,32.44,provisional
2025-2026,BELIZE,16.08,1.22,17.3,14.86,0,0,0,170,181,173,2024-2025,13.16,0.77,13.92,12.39,22.2,59.31,provisional
2025-2026,CAYMAN IS,15.09,0.05,15.14,15.04,0,0,0,171,207,174,2024-2025,136.93,79.63,216.57,57.3,-88.98,-99.93,provisional
2025-2026,FR POLYNESIA,13.23,0.82,14.04,12.41,0,0,0,173,188,175,2024-2025,12.52,0.3,12.82,12.23,5.63,176.49,provisional
2025-2026,ARUBA,11.92,1.26,13.18,10.67,0,0,0,174,180,176,2024-2025,11.84,0.63,12.47,11.21,0.7,98.67,provisional
2025-2026,MACAO,1.93,9.62,11.55,-7.69,0,0,0,197,152,177,2024-2025,1.42,39.43,40.85,-38.01,36.13,-75.61,provisional
2025-2026,ST LUCIA,9.04,2.27,11.31,6.77,0,0,0,178,171,178,2024-2025,10.23,1.59,11.82,8.64,-11.62,42.74,provisional
2025-2026,MOLDOVA,10.86,0.31,11.17,10.55,0,0,0,176,194,179,2024-2025,10.39,1.2,11.59,9.19,4.49,-74.41,provisional
2025-2026,C AFRI REP,10.76,0.3,11.06,10.46,0,0,0,177,196,180,2024-2025,11.85,131.54,143.38,-119.69,-9.18,-99.77,provisional
2025-2026,MONACO,8.26,2.5,10.75,5.76,0,0,0,181,170,181,2024-2025,6.97,2.2,9.17,4.77,18.43,13.46,provisional
2025-2026,MAYOTTE,7.64,2.01,9.65,5.63,0,0,0,183,173,182,2024-2025,7.56,1.54,9.09,6.02,1.04,30.87,provisional
2025-2026,CAPE VERDE IS,4.16,5.27,9.44,-1.11,0,0,0,192,158,183,2024-2025,3.6,5.05,8.65,-1.45,15.55,4.44,provisional
2025-2026,LESOTHO,8.33,0.14,8.47,8.19,0,0,0,179,203,184,2024-2025,10.3,0.98,11.28,9.33,-19.15,-85.95,provisional
2025-2026,MARTINIQUE,6.88,1.17,8.05,5.71,0,0,0,184,182,185,2024-2025,4.83,0.51,5.34,4.32,42.43,129.68,provisional
2025-2026,DOMINICA,7.74,0.2,7.94,7.54,0,0,0,182,200,186,2024-2025,6.59,0.4,6.99,6.19,17.48,-49.85,provisional
2025-2026,US MINOR OUTLYING ISLANDS,0.76,6.57,7.33,-5.81,0,0,0,205,155,187,2024-2025,0.59,0.27,0.86,0.32,28.22,2315.58,provisional
2025-2026,BERMUDA,6.87,0.01,6.87,6.86,0,0,0,185,213,188,2024-2025,4.71,0.03,4.74,4.68,45.85,-74.47,provisional
2025-2026,ST KITT N A,6.25,0.56,6.81,5.68,0,0,0,186,191,189,2024-2025,2.73,0.09,2.82,2.65,128.57,562.1,provisional
2025-2026,GRENADA,5.88,0.74,6.62,5.13,0,0,0,187,190,190,2024-2025,4.45,0.29,4.74,4.17,31.93,158.14,provisional
2025-2026,GUADELOUPE,4.42,1.56,5.98,2.86,0,0,0,190,177,191,2024-2025,5.29,0.74,6.03,4.54,-16.29,110.47,provisional
2025-2026,VANUATU REP,5.03,0.89,5.91,4.14,0,0,0,188,187,192,2024-2025,3.75,0.58,4.33,3.17,34.12,52.72,provisional
2025-2026,SAN MARINO,2.5,3.26,5.76,-0.76,0,0,0,196,165,193,2024-2025,3.57,0.11,3.68,3.45,-29.93,2738.86,provisional
2025-2026,SAMOA,1.2,4.28,5.49,-3.08,0,0,0,202,161,194,2024-2025,1.71,3.7,5.41,-2,-29.38,15.67,provisional
2025-2026,ANTIGUA,4.91,0.16,5.07,4.75,0,0,0,189,202,195,2024-2025,4.76,0.78,5.54,3.99,3.07,-79.14,provisional
2025-2026,KOREA DP RP,4.19,0.52,4.71,3.68,0,0,0,191,192,196,2024-2025,0,0,0,0,,,provisional
2025-2026,SOLOMON IS,4.15,0.02,4.17,4.12,0,0,0,193,210,197,2024-2025,2.56,13.56,16.12,-11,61.76,-99.82,provisional
2025-2026,FR GUIANA,2.98,1.09,4.07,1.89,0,0,0,195,184,198,2024-2025,1.51,0.7,2.21,0.81,97.19,56.5,provisional
2025-2026,MARSHALL ISLAND,0.61,3.16,3.77,-2.54,0,0,0,208,166,199,2024-2025,2.84,6.83,9.67,-3.99,-78.37,-53.77,provisional
2025-2026,FAROE IS.,3.57,0,3.57,3.57,0,0,0,194,217,200,2024-2025,0,0,0,0,,,provisional
2025-2026,BR VIRGN IS,1.41,2.06,3.47,-0.66,0,0,0,199,172,201,2024-2025,1.97,3.83,5.81,-1.86,-28.81,-46.22,provisional
2025-2026,LIECHTENSTEIN,0.61,2.76,3.37,-2.14,0,0,0,207,167,202,2024-2025,0.41,1.82,2.22,-1.41,51.43,51.54,provisional
2025-2026,ANTARTICA,0.26,1.58,1.84,-1.32,0,0,0,211,176,203,2024-2025,0.26,0.29,0.55,-0.03,0.64,445.67,provisional
2025-2026,NAURU RP,0.01,1.81,1.82,-1.8,0,0,0,216,175,204,2024-2025,0.04,0.06,0.1,-0.02,-73.11,2765.74,provisional
2025-2026,TURKS C IS,1.52,0.19,1.71,1.32,0,0,0,198,201,205,2024-2025,1.72,0.32,2.03,1.4,-11.68,-40.28,provisional
2025-2026,AMERI SAMOA,1.35,0.01,1.36,1.34,0,0,0,200,212,206,2024-2025,2.46,0.01,2.47,2.44,-45.19,-39.33,provisional
2025-2026,GIBRALTAR,1.32,0,1.32,1.32,0,0,0,201,218,207,2024-2025,26.67,0.11,26.78,26.55,-95.05,-99.82,provisional
2025-2026,NORFOLK IS,0.81,0.24,1.05,0.57,0,0,0,204,198,208,2024-2025,0.8,0.34,1.14,0.46,1.63,-30.26,provisional
2025-2026,ANDORRA,0.74,0.25,1,0.49,0,0,0,206,197,209,2024-2025,0.26,0.07,0.33,0.2,181.49,275.39,provisional
2025-2026,SAO TOME,0.91,0,0.91,0.91,0,0,0,203,223,210,2024-2025,0,0,0,0,,,provisional
2025-2026,N. MARIANA IS.,0.14,0.37,0.51,-0.22,0,0,0,214,193,211,2024-2025,0,0,0,0,,,provisional
2025-2026,VATICAN CITY,0.41,0.07,0.47,0.34,0,0,0,209,206,212,2024-2025,0,0,0,0,,,provisional
2025-2026,ANGUILLA,0.34,0.04,0.38,0.3,0,0,0,210,208,213,2024-2025,0.21,0.13,0.34,0.09,59.55,-69.59,provisional
2025-2026,COOK IS,0.26,0.03,0.28,0.23,0,0,0,212,209,214,2024-2025,0,0,0,0,,,provisional
2025-2026,GREENLAND,0.24,0.01,0.25,0.22,0,0,0,213,214,215,2024-2025,0,0,0,0,,,provisional
2025-2026,TOKELAU IS,0.1,0.08,0.18,0.02,0,0,0,215,204,216,2024-2025,0.05,0.03,0.09,0.02,85.82,149.38,provisional
2025-2026,ST HELENA,0.01,0.02,0.03,-0.01,0,0,0,217,211,217,2024-2025,0.13,0.02,0.14,0.11,-93.38,11.34,provisional
2025-2026,CHRISTMAS IS.,0,0,0,0,0,0,0,218,215,218,2024-2025,0.02,0.06,0.08,-0.04,,,provisional
2025-2026,COCOS IS,0,0,0,0,0,0,0,219,216,219,2024-2025,0.06,0.03,0.09,0.03,,,provisional
2025-2026,GUAM,0,0,0,0,0,0,0,220,219,220,2024-2025,1.21,0.01,1.23,1.2,,,provisional
2025-2026,KIRIBATI REP,0,0,0,0,0,0,0,221,220,221,2024-2025,3.89,0.02,3.91,3.87,,,provisional
2025-2026,MICRONESIA,0,0,0,0,0,0,0,222,221,222,2024-2025,0.81,0,0.81,0.81,,,provisional
2025-2026,PITCAIRN IS.,0,0,0,0,0,0,0,223,222,223,2024-2025,0,0.01,0.02,-0.01,,,provisional
2025-2026,ST VINCENT,0,0,0,0,0,0,0,224,224,224,2024-2025,3.28,0.15,3.43,3.14,,,provisional
2025-2026,STATE OF PALEST,0,0,0,0,0,0,0,225,225,225,2024-2025,0.02,0.04,0.06,-0.02,,,provisional
