financial_year,calendar_year,month,month_name,export_usd_mn,import_usd_mn
2010-2011,2010,4,April,18063.14,31674.81
2010-2011,2010,5,May,35348.00,61421.71
2010-2011,2010,6,June,56015.77,90070.17
2010-2011,2010,7,July,72971.82,119740.60
2010-2011,2010,8,August,90755.33,146848.29
2010-2011,2010,9,September,109621.70,176360.02
2010-2011,2010,10,October,128611.96,208821.75
2010-2011,2010,11,November,150110.50,237664.01
2010-2011,2010,12,December,173459.60,269175.17
2010-2011,2011,1,January,196151.24,302528.77
2010-2011,2011,2,February,219394.63,335502.11
2010-2011,2011,3,March,249814.48,369769.14
2011-2012,2011,4,April,23394.30,36595.07
2011-2012,2011,5,May,49917.41,81849.78
2011-2012,2011,6,June,76453.80,122699.24
2011-2012,2011,7,July,102884.27,163805.44
2011-2012,2011,8,August,127685.35,203790.13
2011-2012,2011,9,September,154247.01,243546.21
2011-2012,2011,10,October,177880.08,284721.24
2011-2012,2011,11,November,201184.82,323823.75
2011-2012,2011,12,December,226550.52,363867.82
2011-2012,2012,1,January,251929.53,406820.27
2011-2012,2012,2,February,277123.95,446938.82
2011-2012,2012,3,March,305963.28,489319.54
2012-2013,2012,4,April,23785.22,38170.99
2012-2013,2012,5,May,48604.65,80358.34
2012-2013,2012,6,June,73514.73,116514.96
2012-2013,2012,7,July,96601.89,157134.09
2012-2013,2012,8,August,119725.08,194441.38
2012-2013,2012,9,September,144607.48,236493.69
2012-2013,2012,10,October,168622.15,280737.50
2012-2013,2012,11,November,191864.04,321191.45
2012-2013,2012,12,December,217298.29,364242.18
2012-2013,2013,1,January,243190.05,408996.90
2012-2013,2013,2,February,269858.80,449788.93
2012-2013,2013,3,March,300400.01,490736.67
2013-2014,2013,4,April,24483.79,41576.27
2013-2014,2013,5,May,49434.33,85563.56
2013-2014,2013,6,June,73432.09,120867.91
2013-2014,2013,7,July,99262.73,159194.07
2013-2014,2013,8,August,125615.54,196219.71
2013-2014,2013,9,September,153751.26,230477.85
2013-2014,2013,10,October,181231.29,268552.78
2013-2014,2013,11,November,205434.00,302325.60
2013-2014,2013,12,December,231827.97,338905.60
2013-2014,2014,1,January,258719.57,375252.47
2013-2014,2014,2,February,284062.29,408904.18
2013-2014,2014,3,March,314403.26,450199.29
2014-2015,2014,4,April,26021.49,35795.27
2014-2015,2014,5,May,54009.28,74746.57
2014-2015,2014,6,June,79905.12,113098.94
2014-2015,2014,7,July,105689.81,153206.96
2014-2015,2014,8,August,132527.51,190678.96
2014-2015,2014,9,September,161394.70,234020.68
2014-2015,2014,10,October,187285.42,273489.53
2014-2015,2014,11,November,213770.79,316212.03
2014-2015,2014,12,December,239927.40,351545.26
2014-2015,2015,1,January,264320.89,383810.46
2014-2015,2015,2,February,286304.40,412535.81
2014-2015,2015,3,March,310338.32,447964.58
2015-2016,2015,4,April,22096.66,33506.45
2015-2016,2015,5,May,44586.80,66344.27
2015-2016,2015,6,June,66874.28,99880.50
2015-2016,2015,7,July,90066.04,136252.51
2015-2016,2015,8,August,111850.60,170234.27
2015-2016,2015,9,September,133722.60,202270.73
2015-2016,2015,10,October,155178.55,233419.06
2015-2016,2015,11,November,174739.54,263315.47
2015-2016,2015,12,December,197332.65,297411.91
2015-2016,2016,1,January,218531.66,326278.50
2015-2016,2016,2,February,239374.85,353697.41
2015-2016,2016,3,March,262281.74,381007.77
2016-2017,2016,4,April,20705.34,25689.16
2016-2017,2016,5,May,43012.53,53975.41
2016-2017,2016,6,June,65513.54,84892.41
2016-2017,2016,7,July,87098.79,114197.67
2016-2017,2016,8,August,108539.75,143500.73
2016-2017,2016,9,September,131128.29,175341.31
2016-2017,2016,10,October,154337.53,209836.46
2016-2017,2016,11,November,174295.14,243298.30
2016-2017,2016,12,December,198148.86,277900.73
2016-2017,2017,1,January,220498.33,310161.84
2016-2017,2017,2,February,245218.09,344410.28
2016-2017,2017,3,March,274480.28,384356.86
2017-2018,2017,4,April,24526.23,38834.65
2017-2018,2017,5,May,48507.43,77113.32
2017-2018,2017,6,June,71507.49,114168.24
2017-2018,2017,7,July,93797.17,148383.35
2017-2018,2017,8,August,117148.28,184453.70
2017-2018,2017,9,September,145714.05,222416.68
2017-2018,2017,10,October,168602.52,259918.04
2017-2018,2017,11,November,194895.19,301307.68
2017-2018,2017,12,December,222727.52,343338.53
2017-2018,2018,1,January,248136.52,384421.80
2017-2018,2018,2,February,274168.78,422757.18
2017-2018,2018,3,March,303484.47,465580.29
2018-2019,2018,4,April,25947.94,39966.90
2018-2019,2018,5,May,54892.75,83884.18
2018-2019,2018,6,June,82050.23,128690.82
2018-2019,2018,7,July,107804.89,173078.85
2018-2019,2018,8,August,135613.41,218809.96
2018-2019,2018,9,September,163479.67,261629.60
2018-2019,2018,10,October,190154.43,306307.38
2018-2019,2018,11,November,216226.25,349962.66
2018-2019,2018,12,December,244084.43,392313.68
2018-2019,2019,1,January,270493.81,433768.96
2018-2019,2019,2,February,297360.05,470359.35
2018-2019,2019,3,March,330077.75,514078.40
2019-2020,2019,4,April,25992.56,42387.19
2019-2020,2019,5,May,55871.25,89070.60
2019-2020,2019,6,June,80893.85,130103.08
2019-2020,2019,7,July,107120.40,170533.74
2019-2020,2019,8,August,133134.03,210385.78
2019-2020,2019,9,September,159158.77,248080.65
2019-2020,2019,10,October,185391.66,286066.98
2019-2020,2019,11,November,211162.46,324590.18
2019-2020,2019,12,December,238269.07,364184.41
2019-2020,2020,1,January,264121.67,405333.89
2019-2020,2020,2,February,291863.96,443238.32
2019-2020,2020,3,March,313354.03,474709.33
2020-2021,2020,4,April,10168.73,17085.76
2020-2021,2020,5,May,29411.38,39945.62
2020-2021,2020,6,June,51441.85,61269.17
2020-2021,2020,7,July,75226.53,90385.19
2020-2021,2020,8,August,98056.70,121419.28
2020-2021,2020,9,September,125614.48,151937.62
2020-2021,2020,10,October,150541.18,186011.46
2020-2021,2020,11,November,174160.90,219823.76
2020-2021,2020,12,December,201378.04,262758.22
2020-2021,2021,1,January,228917.15,304788.38
2020-2021,2021,2,February,256550.35,345537.04
2020-2021,2021,3,March,291806.69,394435.95
2021-2022,2021,4,April,30733.26,46043.82
2021-2022,2021,5,May,63029.09,84878.42
2021-2022,2021,6,June,95520.21,126976.58
2021-2022,2021,7,July,131027.63,173123.51
2021-2022,2021,8,August,164431.88,218216.39
2021-2022,2021,9,September,198246.84,274502.62
2021-2022,2021,10,October,233976.22,328140.79
2021-2022,2021,11,November,265771.13,381165.56
2021-2022,2021,12,December,305042.72,441495.84
2021-2022,2022,1,January,340275.59,494062.66
2021-2022,2022,2,February,377429.42,549961.03
2021-2022,2022,3,March,422003.11,613051.50
2022-2023,2022,4,April,39693.52,58057.59
2022-2023,2022,5,May,78692.99,119184.02
2022-2023,2022,6,June,120971.22,183536.72
2022-2023,2022,7,July,159305.43,247308.05
2022-2023,2022,8,August,196322.12,309186.60
2022-2023,2022,9,September,231721.95,372559.58
2022-2023,2022,10,October,263323.04,430470.06
2022-2023,2022,11,November,298209.59,487421.44
2022-2023,2022,12,December,336294.80,548640.21
2022-2023,2023,1,January,372094.28,601466.53
2022-2023,2023,2,February,409107.50,655048.07
2022-2023,2023,3,March,451065.07,715968.86
2023-2024,2023,4,April,34605.42,49056.17
2023-2024,2023,5,May,69557.60,106537.51
2023-2024,2023,6,June,103878.22,160050.69
2023-2024,2023,7,July,138378.30,213541.49
2023-2024,2023,8,August,176679.14,275840.35
2023-2024,2023,9,September,211087.35,330319.53
2023-2024,2023,10,October,244520.90,393760.47
2023-2024,2023,11,November,278266.51,448246.18
2023-2024,2023,12,December,316656.10,504694.81
2023-2024,2024,1,January,353987.71,558041.36
2023-2024,2024,2,February,395393.49,618154.08
2023-2024,2024,3,March,437111.44,675429.83
2024-2025,2024,4,April,39740.30,54467.47
2024-2025,2024,5,May,78554.45,116123.35
2024-2025,2024,6,June,113997.33,172115.47
2024-2025,2024,7,July,146666.81,231588.27
2024-2025,2024,8,August,179550.28,300115.74
2024-2025,2024,9,September,213638.65,358852.78
2024-2025,2024,10,October,252614.40,424063.65
2024-2025,2024,11,November,284550.38,487929.91
2024-2025,2024,12,December,322351.70,546362.97
2024-2025,2025,1,January,358677.63,606130.89
2024-2025,2025,2,February,395618.10,657459.81
2024-2025,2025,3,March,437666.00,721200.07
2025-2026,2025,4,April,38250.70,65381.06
2025-2026,2025,5,May,76562.55,126236.30
2025-2026,2025,6,June,111532.56,180312.52
2025-2026,2025,7,July,148557.13,245196.58
2025-2026,2025,8,August,183321.87,307172.09
2025-2026,2025,9,September,219455.20,376268.53
2025-2026,2025,10,October,253568.12,452996.18
2025-2026,2025,11,November,291444.01,515977.40
2025-2026,2025,12,December,329695.21,580451.65
2025-2026,2026,1,January,366168.52,651678.19
2025-2026,2026,2,February,402787.57,715389.17
2025-2026,2026,3,March,441705.46,774977.93
