financial_year,report_year,group_name,previous_usd_mn,current_usd_mn,growth_pct,share_pct,report_month
2009-2010,2010,PLANTATION,0,458.33,,0.16,March
2009-2010,2010,AGRI & ALLIED PRODUCTS,0,10695.95,,3.71,March
2009-2010,2010,MARINE PRODUCTS,0,63.87,,0.02,March
2009-2010,2010,ORES & MINERALS,0,14331.37,,4.97,March
2009-2010,2010,LEATHER & LEATHER MANUFACTURES,0,531.68,,0.18,March
2009-2010,2010,GEMS & JEWELLERY,0,46303.08,,16.06,March
2009-2010,2010,SPORTS GOODS,0,114.38,,0.04,March
2009-2010,2010,CHEMICALS & RELATED PRODUCTS,0,24515.82,,8.5,March
2009-2010,2010,PLASTIC & RUBBER ARTICLES,0,7079.98,,2.46,March
2009-2010,2010,ARTICLES OF STONE, PLASTER, CEMENT, ASBESTOS, MICA OR SIMILAR MATERIALS; CERAMIC PRODUCTS; GLASS AND GLASSWARE,0,1325.36,,0.46,March
2009-2010,2010,PAPER & RELATED PRODUCTS,0,4604.02,,1.6,March
2009-2010,2010,BASE METALS,0,16101.26,,5.58,March
2009-2010,2010,OPTICAL, MEDICAL & SURGICAL INSTRUMENTS,0,2604.66,,0.9,March
2009-2010,2010,ELECTORONICS ITEMS,0,22659.02,,7.86,March
2009-2010,2010,MACHINERY,0,24220.24,,8.4,March
2009-2010,2010,OFFICE EQUIPMENTS,0,59.08,,0.02,March
2009-2010,2010,TRANSPORT EQUIPMENTS,0,12025.2,,4.17,March
2009-2010,2010,PROJECT GOODS,0,4704,,1.63,March
2009-2010,2010,TEXTILES & ALLIED PRODUCTS,0,3112.62,,1.08,March
2009-2010,2010,PETROLEUM CRUDE & PRODUCTS,0,87135.86,,30.22,March
2009-2010,2010,OTHERS,0,5727.12,,1.99,March
2010-2011,2011,PLANTATION,458.33,749.85,63.61,0.2,March
2010-2011,2011,AGRI & ALLIED PRODUCTS,10695.95,10755.94,0.56,2.91,March
2010-2011,2011,MARINE PRODUCTS,63.87,94.45,47.88,0.03,March
2010-2011,2011,ORES & MINERALS,14331.37,16204.24,13.07,4.38,March
2010-2011,2011,LEATHER & LEATHER MANUFACTURES,531.68,731.76,37.63,0.2,March
2010-2011,2011,GEMS & JEWELLERY,46303.08,77021.21,66.34,20.83,March
2010-2011,2011,SPORTS GOODS,114.38,156.38,36.72,0.04,March
2010-2011,2011,CHEMICALS & RELATED PRODUCTS,24515.82,29517.16,20.4,7.98,March
2010-2011,2011,PLASTIC & RUBBER ARTICLES,7079.98,9824.13,38.76,2.66,March
2010-2011,2011,ARTICLES OF STONE, PLASTER, CEMENT, ASBESTOS, MICA OR SIMILAR MATERIALS; CERAMIC PRODUCTS; GLASS AND GLASSWARE,1325.36,1728.45,30.41,0.47,March
2010-2011,2011,PAPER & RELATED PRODUCTS,4604.02,5708.33,23.99,1.54,March
2010-2011,2011,BASE METALS,16101.26,21149.9,31.36,5.72,March
2010-2011,2011,OPTICAL, MEDICAL & SURGICAL INSTRUMENTS,2604.66,3205.71,23.08,0.87,March
2010-2011,2011,ELECTORONICS ITEMS,22659.02,28497.35,25.77,7.71,March
2010-2011,2011,MACHINERY,24220.24,29765.68,22.9,8.05,March
2010-2011,2011,OFFICE EQUIPMENTS,59.08,70.04,18.55,0.02,March
2010-2011,2011,TRANSPORT EQUIPMENTS,12025.2,11843.76,-1.51,3.2,March
2010-2011,2011,PROJECT GOODS,4704,6151.81,30.78,1.66,March
2010-2011,2011,TEXTILES & ALLIED PRODUCTS,3112.62,3807.3,22.32,1.03,March
2010-2011,2011,PETROLEUM CRUDE & PRODUCTS,87135.86,105964.31,21.61,28.66,March
2010-2011,2011,OTHERS,5727.12,6821.37,19.11,1.84,March
2011-2012,2012,PLANTATION,749.85,1028.38,37.14,0.21,March
2011-2012,2012,AGRI & ALLIED PRODUCTS,10755.94,14062.52,30.74,2.87,March
2011-2012,2012,MARINE PRODUCTS,94.45,118.4,25.37,0.02,March
2011-2012,2012,ORES & MINERALS,16204.24,25731.74,58.8,5.26,March
2011-2012,2012,LEATHER & LEATHER MANUFACTURES,731.76,813.17,11.13,0.17,March
2011-2012,2012,GEMS & JEWELLERY,77021.21,91044.08,18.21,18.61,March
2011-2012,2012,SPORTS GOODS,156.38,200.2,28.02,0.04,March
2011-2012,2012,CHEMICALS & RELATED PRODUCTS,29517.16,38927.05,31.88,7.96,March
2011-2012,2012,PLASTIC & RUBBER ARTICLES,9824.13,11486.21,16.92,2.35,March
2011-2012,2012,ARTICLES OF STONE, PLASTER, CEMENT, ASBESTOS, MICA OR SIMILAR MATERIALS; CERAMIC PRODUCTS; GLASS AND GLASSWARE,1728.45,2228.19,28.91,0.46,March
2011-2012,2012,PAPER & RELATED PRODUCTS,5708.33,7389.98,29.46,1.51,March
2011-2012,2012,BASE METALS,21149.9,26595.54,25.75,5.44,March
2011-2012,2012,OPTICAL, MEDICAL & SURGICAL INSTRUMENTS,3205.71,4113.29,28.31,0.84,March
2011-2012,2012,ELECTORONICS ITEMS,28497.35,34864.21,22.34,7.13,March
2011-2012,2012,MACHINERY,29765.68,37950.68,27.5,7.76,March
2011-2012,2012,OFFICE EQUIPMENTS,70.04,98.82,41.08,0.02,March
2011-2012,2012,TRANSPORT EQUIPMENTS,11843.76,14335.24,21.04,2.93,March
2011-2012,2012,PROJECT GOODS,6151.81,8764.59,42.47,1.79,March
2011-2012,2012,TEXTILES & ALLIED PRODUCTS,3807.3,4736.69,24.41,0.97,March
2011-2012,2012,PETROLEUM CRUDE & PRODUCTS,105964.31,154967.55,46.25,31.67,March
2011-2012,2012,OTHERS,6821.37,9862.96,44.59,2.02,March
2012-2013,2013,PLANTATION,1028.38,1038.41,0.98,0.21,March
2012-2013,2013,AGRI & ALLIED PRODUCTS,14062.52,16774.5,19.29,3.42,March
2012-2013,2013,MARINE PRODUCTS,118.4,83.05,-29.86,0.02,March
2012-2013,2013,ORES & MINERALS,25731.74,26020.12,1.12,5.3,March
2012-2013,2013,LEATHER & LEATHER MANUFACTURES,813.17,819.53,0.78,0.17,March
2012-2013,2013,GEMS & JEWELLERY,91044.08,83862.47,-7.89,17.09,March
2012-2013,2013,SPORTS GOODS,200.2,240.48,20.12,0.05,March
2012-2013,2013,CHEMICALS & RELATED PRODUCTS,38927.05,37449.32,-3.8,7.63,March
2012-2013,2013,PLASTIC & RUBBER ARTICLES,11486.21,12510.97,8.92,2.55,March
2012-2013,2013,ARTICLES OF STONE, PLASTER, CEMENT, ASBESTOS, MICA OR SIMILAR MATERIALS; CERAMIC PRODUCTS; GLASS AND GLASSWARE,2228.19,2244.58,0.74,0.46,March
2012-2013,2013,PAPER & RELATED PRODUCTS,7389.98,7278.58,-1.51,1.48,March
2012-2013,2013,BASE METALS,26595.54,26731.81,0.51,5.45,March
2012-2013,2013,OPTICAL, MEDICAL & SURGICAL INSTRUMENTS,4113.29,4291.76,4.34,0.87,March
2012-2013,2013,ELECTORONICS ITEMS,34864.21,33548.65,-3.77,6.84,March
2012-2013,2013,MACHINERY,37950.68,35044.14,-7.66,7.14,March
2012-2013,2013,OFFICE EQUIPMENTS,98.82,100.81,2.01,0.02,March
2012-2013,2013,TRANSPORT EQUIPMENTS,14335.24,17663.42,23.22,3.6,March
2012-2013,2013,PROJECT GOODS,8764.59,6554.29,-25.22,1.34,March
2012-2013,2013,TEXTILES & ALLIED PRODUCTS,4736.69,4918.65,3.84,1,March
2012-2013,2013,PETROLEUM CRUDE & PRODUCTS,154967.55,164040.56,5.85,33.43,March
2012-2013,2013,OTHERS,9862.96,9520.58,-3.47,1.94,March
2013-2014,2014,PLANTATION,1038.41,1075.13,3.54,0.24,March
2013-2014,2014,AGRI & ALLIED PRODUCTS,16774.5,13492.25,-19.57,3,March
2013-2014,2014,MARINE PRODUCTS,83.05,67.65,-18.54,0.02,March
2013-2014,2014,ORES & MINERALS,26020.12,24603.63,-5.44,5.47,March
2013-2014,2014,LEATHER & LEATHER MANUFACTURES,819.53,901.49,10,0.2,March
2013-2014,2014,GEMS & JEWELLERY,83862.47,58436.49,-30.32,12.98,March
2013-2014,2014,SPORTS GOODS,240.48,203.05,-15.56,0.05,March
2013-2014,2014,CHEMICALS & RELATED PRODUCTS,37449.32,35645.21,-4.82,7.92,March
2013-2014,2014,PLASTIC & RUBBER ARTICLES,12510.97,12768.94,2.06,2.84,March
2013-2014,2014,ARTICLES OF STONE, PLASTER, CEMENT, ASBESTOS, MICA OR SIMILAR MATERIALS; CERAMIC PRODUCTS; GLASS AND GLASSWARE,2244.58,2047.01,-8.8,0.45,March
2013-2014,2014,PAPER & RELATED PRODUCTS,7278.58,7402.22,1.7,1.64,March
2013-2014,2014,BASE METALS,26731.81,21563.13,-19.34,4.79,March
2013-2014,2014,OPTICAL, MEDICAL & SURGICAL INSTRUMENTS,4291.76,4156.11,-3.16,0.92,March
2013-2014,2014,ELECTORONICS ITEMS,33548.65,33237.99,-0.93,7.38,March
2013-2014,2014,MACHINERY,35044.14,30249.17,-13.68,6.72,March
2013-2014,2014,OFFICE EQUIPMENTS,100.81,129.03,28,0.03,March
2013-2014,2014,TRANSPORT EQUIPMENTS,17663.42,16167.51,-8.47,3.59,March
2013-2014,2014,PROJECT GOODS,6554.29,4551.03,-30.56,1.01,March
2013-2014,2014,TEXTILES & ALLIED PRODUCTS,4918.65,4835.93,-1.68,1.07,March
2013-2014,2014,PETROLEUM CRUDE & PRODUCTS,164040.56,164764.69,0.44,36.6,March
2013-2014,2014,OTHERS,9520.58,13902.12,46.02,3.09,March
2014-2015,2015,PLANTATION,1075.13,1034.06,-3.82,0.23,March
2014-2015,2015,AGRI & ALLIED PRODUCTS,13492.25,19004.14,40.85,4.24,March
2014-2015,2015,MARINE PRODUCTS,67.65,73.93,9.28,0.02,March
2014-2015,2015,ORES & MINERALS,24603.63,26917.86,9.41,6.01,March
2014-2015,2015,LEATHER & LEATHER MANUFACTURES,901.49,1092.62,21.2,0.24,March
2014-2015,2015,GEMS & JEWELLERY,58436.49,62351.34,6.7,13.92,March
2014-2015,2015,SPORTS GOODS,203.05,201.29,-0.86,0.04,March
2014-2015,2015,CHEMICALS & RELATED PRODUCTS,35645.21,38553.65,8.16,8.61,March
2014-2015,2015,PLASTIC & RUBBER ARTICLES,12768.94,14326.69,12.2,3.2,March
2014-2015,2015,ARTICLES OF STONE, PLASTER, CEMENT, ASBESTOS, MICA OR SIMILAR MATERIALS; CERAMIC PRODUCTS; GLASS AND GLASSWARE,2047.01,2373.87,15.97,0.53,March
2014-2015,2015,PAPER & RELATED PRODUCTS,7402.22,7636.46,3.16,1.7,March
2014-2015,2015,BASE METALS,21563.13,27046.58,25.43,6.04,March
2014-2015,2015,OPTICAL, MEDICAL & SURGICAL INSTRUMENTS,4156.11,4283.47,3.06,0.96,March
2014-2015,2015,ELECTORONICS ITEMS,33237.99,37540.31,12.94,8.38,March
2014-2015,2015,MACHINERY,30249.17,31340.19,3.61,7,March
2014-2015,2015,OFFICE EQUIPMENTS,129.03,161.5,25.16,0.04,March
2014-2015,2015,TRANSPORT EQUIPMENTS,16167.51,15287.74,-5.44,3.41,March
2014-2015,2015,PROJECT GOODS,4551.03,3631.43,-20.21,0.81,March
2014-2015,2015,TEXTILES & ALLIED PRODUCTS,4835.93,5512.44,13.99,1.23,March
2014-2015,2015,PETROLEUM CRUDE & PRODUCTS,164764.69,138325.51,-16.05,30.87,March
2014-2015,2015,OTHERS,13902.12,11338.33,-18.44,2.53,March
2015-2016,2016,PLANTATION,1034.06,895.75,-13.38,0.24,March
2015-2016,2016,AGRI & ALLIED PRODUCTS,19004.14,20673.66,8.79,5.43,March
2015-2016,2016,MARINE PRODUCTS,73.93,97.23,31.52,0.03,March
2015-2016,2016,ORES & MINERALS,26917.86,20684.03,-23.16,5.43,March
2015-2016,2016,LEATHER & LEATHER MANUFACTURES,1092.62,1031.28,-5.61,0.27,March
2015-2016,2016,GEMS & JEWELLERY,62351.34,56508.62,-9.37,14.83,March
2015-2016,2016,SPORTS GOODS,201.29,221.01,9.79,0.06,March
2015-2016,2016,CHEMICALS & RELATED PRODUCTS,38553.65,36888.21,-4.32,9.68,March
2015-2016,2016,PLASTIC & RUBBER ARTICLES,14326.69,13760.68,-3.95,3.61,March
2015-2016,2016,ARTICLES OF STONE, PLASTER, CEMENT, ASBESTOS, MICA OR SIMILAR MATERIALS; CERAMIC PRODUCTS; GLASS AND GLASSWARE,2373.87,2438.51,2.72,0.64,March
2015-2016,2016,PAPER & RELATED PRODUCTS,7636.46,7157.27,-6.28,1.88,March
2015-2016,2016,BASE METALS,27046.58,24703.68,-8.66,6.48,March
2015-2016,2016,OPTICAL, MEDICAL & SURGICAL INSTRUMENTS,4283.47,4176.62,-2.49,1.1,March
2015-2016,2016,ELECTORONICS ITEMS,37540.31,40939.82,9.06,10.75,March
2015-2016,2016,MACHINERY,31340.19,32299.41,3.06,8.48,March
2015-2016,2016,OFFICE EQUIPMENTS,161.5,124.22,-23.08,0.03,March
2015-2016,2016,TRANSPORT EQUIPMENTS,15287.74,15394.27,0.7,4.04,March
2015-2016,2016,PROJECT GOODS,3631.43,2761.07,-23.97,0.72,March
2015-2016,2016,TEXTILES & ALLIED PRODUCTS,5512.44,5332.49,-3.26,1.4,March
2015-2016,2016,PETROLEUM CRUDE & PRODUCTS,138325.51,82944.47,-40.04,21.77,March
2015-2016,2016,OTHERS,11338.33,11975.46,5.62,3.14,March
2016-2017,2017,PLANTATION,895.75,841.22,-6.09,0.22,March
2016-2017,2017,AGRI & ALLIED PRODUCTS,20673.66,23210.67,12.27,6.04,March
2016-2017,2017,MARINE PRODUCTS,97.23,94.37,-2.94,0.02,March
2016-2017,2017,ORES & MINERALS,20684.03,21636.83,4.61,5.63,March
2016-2017,2017,LEATHER & LEATHER MANUFACTURES,1031.28,992.81,-3.73,0.26,March
2016-2017,2017,GEMS & JEWELLERY,56508.62,53738.63,-4.9,13.98,March
2016-2017,2017,SPORTS GOODS,221.01,224.19,1.44,0.06,March
2016-2017,2017,CHEMICALS & RELATED PRODUCTS,36888.21,33680.84,-8.69,8.76,March
2016-2017,2017,PLASTIC & RUBBER ARTICLES,13760.68,14019.63,1.88,3.65,March
2016-2017,2017,ARTICLES OF STONE, PLASTER, CEMENT, ASBESTOS, MICA OR SIMILAR MATERIALS; CERAMIC PRODUCTS; GLASS AND GLASSWARE,2438.51,2271.48,-6.85,0.59,March
2016-2017,2017,PAPER & RELATED PRODUCTS,7157.27,6993.65,-2.29,1.82,March
2016-2017,2017,BASE METALS,24703.68,21551.87,-12.76,5.61,March
2016-2017,2017,OPTICAL, MEDICAL & SURGICAL INSTRUMENTS,4176.62,4398.06,5.3,1.14,March
2016-2017,2017,ELECTORONICS ITEMS,40939.82,42878.89,4.74,11.16,March
2016-2017,2017,MACHINERY,32299.41,31820.14,-1.48,8.28,March
2016-2017,2017,OFFICE EQUIPMENTS,124.22,91.56,-26.29,0.02,March
2016-2017,2017,TRANSPORT EQUIPMENTS,15394.27,19560.2,27.06,5.09,March
2016-2017,2017,PROJECT GOODS,2761.07,2074.44,-24.87,0.54,March
2016-2017,2017,TEXTILES & ALLIED PRODUCTS,5332.49,5516.64,3.45,1.44,March
2016-2017,2017,PETROLEUM CRUDE & PRODUCTS,82944.47,86963.84,4.85,22.63,March
2016-2017,2017,OTHERS,11975.46,11797.05,-1.49,3.07,March
2017-2018,2018,PLANTATION,841.22,1039.28,23.54,0.22,March
2017-2018,2018,AGRI & ALLIED PRODUCTS,23210.67,22223.1,-4.25,4.77,March
2017-2018,2018,MARINE PRODUCTS,94.37,123.06,30.41,0.03,March
2017-2018,2018,ORES & MINERALS,21636.83,31743.71,46.71,6.82,March
2017-2018,2018,LEATHER & LEATHER MANUFACTURES,992.81,1056.6,6.43,0.23,March
2017-2018,2018,GEMS & JEWELLERY,53738.63,74668.31,38.95,16.04,March
2017-2018,2018,SPORTS GOODS,224.19,292.05,30.27,0.06,March
2017-2018,2018,CHEMICALS & RELATED PRODUCTS,33680.84,40392.72,19.93,8.68,March
2017-2018,2018,PLASTIC & RUBBER ARTICLES,14019.63,17038.02,21.53,3.66,March
2017-2018,2018,ARTICLES OF STONE, PLASTER, CEMENT, ASBESTOS, MICA OR SIMILAR MATERIALS; CERAMIC PRODUCTS; GLASS AND GLASSWARE,2271.48,2715.3,19.54,0.58,March
2017-2018,2018,PAPER & RELATED PRODUCTS,6993.65,8276.87,18.35,1.78,March
2017-2018,2018,BASE METALS,21551.87,27429.26,27.27,5.89,March
2017-2018,2018,OPTICAL, MEDICAL & SURGICAL INSTRUMENTS,4398.06,5340.29,21.42,1.15,March
2017-2018,2018,ELECTORONICS ITEMS,42878.89,52890.68,23.35,11.36,March
2017-2018,2018,MACHINERY,31820.14,37798.72,18.79,8.12,March
2017-2018,2018,OFFICE EQUIPMENTS,91.56,46.83,-48.86,0.01,March
2017-2018,2018,TRANSPORT EQUIPMENTS,19560.2,19175.01,-1.97,4.12,March
2017-2018,2018,PROJECT GOODS,2074.44,2077.61,0.15,0.45,March
2017-2018,2018,TEXTILES & ALLIED PRODUCTS,5516.64,6401.9,16.05,1.38,March
2017-2018,2018,PETROLEUM CRUDE & PRODUCTS,86963.84,108658.69,24.95,23.34,March
2017-2018,2018,OTHERS,11797.05,6192.98,-47.5,1.33,March
2018-2019,2019,PLANTATION,1039.28,1070.57,3.01,0.21,March
2018-2019,2019,AGRI & ALLIED PRODUCTS,22223.1,18568.41,-16.45,3.61,March
2018-2019,2019,MARINE PRODUCTS,123.06,155.7,26.52,0.03,March
2018-2019,2019,ORES & MINERALS,31743.71,33628.21,5.94,6.54,March
2018-2019,2019,LEATHER & LEATHER MANUFACTURES,1056.6,1093.33,3.48,0.21,March
2018-2019,2019,GEMS & JEWELLERY,74668.31,64678.83,-13.38,12.58,March
2018-2019,2019,SPORTS GOODS,292.05,332.03,13.69,0.06,March
2018-2019,2019,CHEMICALS & RELATED PRODUCTS,40392.72,47803.6,18.35,9.3,March
2018-2019,2019,PLASTIC & RUBBER ARTICLES,17038.02,18469.3,8.4,3.59,March
2018-2019,2019,ARTICLES OF STONE, PLASTER, CEMENT, ASBESTOS, MICA OR SIMILAR MATERIALS; CERAMIC PRODUCTS; GLASS AND GLASSWARE,2715.3,2790.23,2.76,0.54,March
2018-2019,2019,PAPER & RELATED PRODUCTS,8276.87,8761.74,5.86,1.7,March
2018-2019,2019,BASE METALS,27429.26,32389.68,18.08,6.3,March
2018-2019,2019,OPTICAL, MEDICAL & SURGICAL INSTRUMENTS,5340.29,5895.05,10.39,1.15,March
2018-2019,2019,ELECTORONICS ITEMS,52890.68,57377.29,8.48,11.16,March
2018-2019,2019,MACHINERY,37798.72,44146.46,16.79,8.59,March
2018-2019,2019,OFFICE EQUIPMENTS,46.83,52.72,12.59,0.01,March
2018-2019,2019,TRANSPORT EQUIPMENTS,19175.01,20679.64,7.85,4.02,March
2018-2019,2019,PROJECT GOODS,2077.61,2375.57,14.34,0.46,March
2018-2019,2019,TEXTILES & ALLIED PRODUCTS,6401.9,6759.84,5.59,1.31,March
2018-2019,2019,PETROLEUM CRUDE & PRODUCTS,108658.69,140920.64,29.69,27.41,March
2018-2019,2019,OTHERS,6192.98,6129.59,-1.02,1.19,March
2019-2020,2020,PLANTATION,1070.57,890.64,-16.81,0.19,March
2019-2020,2020,AGRI & ALLIED PRODUCTS,18568.41,19022.05,2.44,4.01,March
2019-2020,2020,MARINE PRODUCTS,155.7,181.93,16.85,0.04,March
2019-2020,2020,ORES & MINERALS,33628.21,27357.21,-18.65,5.76,March
2019-2020,2020,LEATHER & LEATHER MANUFACTURES,1093.33,1045.27,-4.4,0.22,March
2019-2020,2020,GEMS & JEWELLERY,64678.83,54453.82,-15.81,11.47,March
2019-2020,2020,SPORTS GOODS,332.03,276.12,-16.84,0.06,March
2019-2020,2020,CHEMICALS & RELATED PRODUCTS,47803.6,44305.72,-7.32,9.33,March
2019-2020,2020,PLASTIC & RUBBER ARTICLES,18469.3,17082.78,-7.51,3.6,March
2019-2020,2020,ARTICLES OF STONE, PLASTER, CEMENT, ASBESTOS, MICA OR SIMILAR MATERIALS; CERAMIC PRODUCTS; GLASS AND GLASSWARE,2790.23,2594.91,-7,0.55,March
2019-2020,2020,PAPER & RELATED PRODUCTS,8761.74,7794.5,-11.04,1.64,March
2019-2020,2020,BASE METALS,32389.68,28508.15,-11.98,6.01,March
2019-2020,2020,OPTICAL, MEDICAL & SURGICAL INSTRUMENTS,5895.05,5728.69,-2.82,1.21,March
2019-2020,2020,ELECTORONICS ITEMS,57377.29,54397.94,-5.19,11.46,March
2019-2020,2020,MACHINERY,44146.46,43304.23,-1.91,9.12,March
2019-2020,2020,OFFICE EQUIPMENTS,52.72,88.29,67.45,0.02,March
2019-2020,2020,TRANSPORT EQUIPMENTS,20679.64,21736.42,5.11,4.58,March
2019-2020,2020,PROJECT GOODS,2375.57,2025.51,-14.74,0.43,March
2019-2020,2020,TEXTILES & ALLIED PRODUCTS,6759.84,7504.51,11.02,1.58,March
2019-2020,2020,PETROLEUM CRUDE & PRODUCTS,140920.64,130550.31,-7.36,27.5,March
2019-2020,2020,OTHERS,6129.59,5860.29,-4.39,1.23,March
2020-2021,2021,PLANTATION,890.64,834.67,-6.28,0.21,March
2020-2021,2021,AGRI & ALLIED PRODUCTS,19022.05,19970.16,4.98,5.06,March
2020-2021,2021,MARINE PRODUCTS,181.93,225.63,24.02,0.06,March
2020-2021,2021,ORES & MINERALS,27357.21,20857.05,-23.76,5.29,March
2020-2021,2021,LEATHER & LEATHER MANUFACTURES,1045.27,596.99,-42.89,0.15,March
2020-2021,2021,GEMS & JEWELLERY,54453.82,55179.99,1.33,13.99,March
2020-2021,2021,SPORTS GOODS,276.12,265.02,-4.02,0.07,March
2020-2021,2021,CHEMICALS & RELATED PRODUCTS,44305.72,44907.23,1.36,11.39,March
2020-2021,2021,PLASTIC & RUBBER ARTICLES,17082.78,15835.98,-7.3,4.01,March
2020-2021,2021,ARTICLES OF STONE, PLASTER, CEMENT, ASBESTOS, MICA OR SIMILAR MATERIALS; CERAMIC PRODUCTS; GLASS AND GLASSWARE,2594.91,2208.38,-14.9,0.56,March
2020-2021,2021,PAPER & RELATED PRODUCTS,7794.5,5836.49,-25.12,1.48,March
2020-2021,2021,BASE METALS,28508.15,23752.53,-16.68,6.02,March
2020-2021,2021,OPTICAL, MEDICAL & SURGICAL INSTRUMENTS,5728.69,5085.77,-11.22,1.29,March
2020-2021,2021,ELECTORONICS ITEMS,54397.94,54287.92,-0.2,13.76,March
2020-2021,2021,MACHINERY,43304.23,34349.06,-20.68,8.71,March
2020-2021,2021,OFFICE EQUIPMENTS,88.29,81.61,-7.56,0.02,March
2020-2021,2021,TRANSPORT EQUIPMENTS,21736.42,15369.2,-29.29,3.9,March
2020-2021,2021,PROJECT GOODS,2025.51,1498.94,-26,0.38,March
2020-2021,2021,TEXTILES & ALLIED PRODUCTS,7504.51,5297.99,-29.4,1.34,March
2020-2021,2021,PETROLEUM CRUDE & PRODUCTS,130550.31,82683.88,-36.67,20.96,March
2020-2021,2021,OTHERS,5860.29,5311.39,-9.37,1.35,March
2021-2022,2022,PLANTATION,834.67,1237.94,48.32,0.2,March
2021-2022,2022,AGRI & ALLIED PRODUCTS,19970.16,30008.27,50.27,4.89,March
2021-2022,2022,MARINE PRODUCTS,225.63,223.91,-0.76,0.04,March
2021-2022,2022,ORES & MINERALS,20857.05,40829.53,95.76,6.66,March
2021-2022,2022,LEATHER & LEATHER MANUFACTURES,596.99,850.41,42.45,0.14,March
2021-2022,2022,GEMS & JEWELLERY,55179.99,81635.5,47.94,13.32,March
2021-2022,2022,SPORTS GOODS,265.02,334.94,26.38,0.05,March
2021-2022,2022,CHEMICALS & RELATED PRODUCTS,44907.23,67636.59,50.61,11.03,March
2021-2022,2022,PLASTIC & RUBBER ARTICLES,15835.98,23407.28,47.81,3.82,March
2021-2022,2022,ARTICLES OF STONE, PLASTER, CEMENT, ASBESTOS, MICA OR SIMILAR MATERIALS; CERAMIC PRODUCTS; GLASS AND GLASSWARE,2208.38,2949.57,33.56,0.48,March
2021-2022,2022,PAPER & RELATED PRODUCTS,5836.49,8371.3,43.43,1.37,March
2021-2022,2022,BASE METALS,23752.53,34904.69,46.95,5.69,March
2021-2022,2022,OPTICAL, MEDICAL & SURGICAL INSTRUMENTS,5085.77,7267.02,42.89,1.19,March
2021-2022,2022,ELECTORONICS ITEMS,54287.92,73674.21,35.71,12.02,March
2021-2022,2022,MACHINERY,34349.06,45704.34,33.06,7.46,March
2021-2022,2022,OFFICE EQUIPMENTS,81.61,57.2,-29.92,0.01,March
2021-2022,2022,TRANSPORT EQUIPMENTS,15369.2,16433.74,6.93,2.68,March
2021-2022,2022,PROJECT GOODS,1498.94,1356.05,-9.53,0.22,March
2021-2022,2022,TEXTILES & ALLIED PRODUCTS,5297.99,7666.56,44.71,1.25,March
2021-2022,2022,PETROLEUM CRUDE & PRODUCTS,82683.88,161810.45,95.7,26.39,March
2021-2022,2022,OTHERS,5311.39,6692.56,26,1.09,March
2022-2023,2023,PLANTATION,1237.94,1216.51,-1.73,0.17,March
2022-2023,2023,AGRI & ALLIED PRODUCTS,30008.27,32234.23,7.42,4.5,March
2022-2023,2023,MARINE PRODUCTS,223.91,246.68,10.17,0.03,March
2022-2023,2023,ORES & MINERALS,40829.53,59066.85,44.67,8.25,March
2022-2023,2023,LEATHER & LEATHER MANUFACTURES,850.41,1064.93,25.23,0.15,March
2022-2023,2023,GEMS & JEWELLERY,81635.5,73902.05,-9.47,10.32,March
2022-2023,2023,SPORTS GOODS,334.94,331,-1.18,0.05,March
2022-2023,2023,CHEMICALS & RELATED PRODUCTS,67636.59,73734.75,9.02,10.3,March
2022-2023,2023,PLASTIC & RUBBER ARTICLES,23407.28,26958.44,15.17,3.77,March
2022-2023,2023,ARTICLES OF STONE, PLASTER, CEMENT, ASBESTOS, MICA OR SIMILAR MATERIALS; CERAMIC PRODUCTS; GLASS AND GLASSWARE,2949.57,3621.71,22.79,0.51,March
2022-2023,2023,PAPER & RELATED PRODUCTS,8371.3,10242.02,22.35,1.43,March
2022-2023,2023,BASE METALS,34904.69,42323.42,21.25,5.91,March
2022-2023,2023,OPTICAL, MEDICAL & SURGICAL INSTRUMENTS,7267.02,7901.88,8.74,1.1,March
2022-2023,2023,ELECTORONICS ITEMS,73674.21,77263.53,4.87,10.79,March
2022-2023,2023,MACHINERY,45704.34,51786.75,13.31,7.23,March
2022-2023,2023,OFFICE EQUIPMENTS,57.2,77.58,35.64,0.01,March
2022-2023,2023,TRANSPORT EQUIPMENTS,16433.74,26329.23,60.21,3.68,March
2022-2023,2023,PROJECT GOODS,1356.05,1602.92,18.2,0.22,March
2022-2023,2023,TEXTILES & ALLIED PRODUCTS,7666.56,9906.75,29.22,1.38,March
2022-2023,2023,PETROLEUM CRUDE & PRODUCTS,161810.45,209418.17,29.42,29.25,March
2022-2023,2023,OTHERS,6692.56,6739.5,0.7,0.94,March
2023-2024,2024,PLANTATION,1216.51,1000.83,-17.73,0.15,March
2023-2024,2024,AGRI & ALLIED PRODUCTS,32234.23,30557.41,-5.2,4.51,March
2023-2024,2024,MARINE PRODUCTS,246.68,251.42,1.92,0.04,March
2023-2024,2024,ORES & MINERALS,59066.85,48178.57,-18.43,7.1,March
2023-2024,2024,LEATHER & LEATHER MANUFACTURES,1064.93,936.68,-12.04,0.14,March
2023-2024,2024,GEMS & JEWELLERY,73902.05,78441.91,6.14,11.57,March
2023-2024,2024,SPORTS GOODS,331,389.52,17.68,0.06,March
2023-2024,2024,CHEMICALS & RELATED PRODUCTS,73734.75,61863.92,-16.1,9.12,March
2023-2024,2024,PLASTIC & RUBBER ARTICLES,26958.44,25415.7,-5.72,3.75,March
2023-2024,2024,ARTICLES OF STONE, PLASTER, CEMENT, ASBESTOS, MICA OR SIMILAR MATERIALS; CERAMIC PRODUCTS; GLASS AND GLASSWARE,3621.71,3706.21,2.33,0.55,March
2023-2024,2024,PAPER & RELATED PRODUCTS,10242.02,9007.81,-12.05,1.33,March
2023-2024,2024,BASE METALS,42323.42,45162.35,6.71,6.66,March
2023-2024,2024,OPTICAL, MEDICAL & SURGICAL INSTRUMENTS,7901.88,8853.22,12.04,1.31,March
2023-2024,2024,ELECTORONICS ITEMS,77263.53,87856.99,13.71,12.95,March
2023-2024,2024,MACHINERY,51786.75,56319.6,8.75,8.3,March
2023-2024,2024,OFFICE EQUIPMENTS,77.58,80.96,4.36,0.01,March
2023-2024,2024,TRANSPORT EQUIPMENTS,26329.23,25175.91,-4.38,3.71,March
2023-2024,2024,PROJECT GOODS,1602.92,1321.4,-17.56,0.19,March
2023-2024,2024,TEXTILES & ALLIED PRODUCTS,9906.75,8104.57,-18.19,1.19,March
2023-2024,2024,PETROLEUM CRUDE & PRODUCTS,209418.17,178732.7,-14.65,26.35,March
2023-2024,2024,OTHERS,6739.5,6857.1,1.74,1.01,March
2024-2025,2025,PLANTATION,1000.83,1457.77,45.66,0.2,March
2024-2025,2025,AGRI & ALLIED PRODUCTS,30557.41,35151.78,15.04,4.87,March
2024-2025,2025,MARINE PRODUCTS,251.42,309.05,22.92,0.04,March
2024-2025,2025,ORES & MINERALS,48178.57,42079.02,-12.66,5.83,March
2024-2025,2025,LEATHER & LEATHER MANUFACTURES,936.68,1016.75,8.55,0.14,March
2024-2025,2025,GEMS & JEWELLERY,78441.91,88942.8,13.39,12.33,March
2024-2025,2025,SPORTS GOODS,389.52,413.23,6.09,0.06,March
2024-2025,2025,CHEMICALS & RELATED PRODUCTS,61863.92,63223.55,2.2,8.77,March
2024-2025,2025,PLASTIC & RUBBER ARTICLES,25415.7,26125.14,2.79,3.62,March
2024-2025,2025,ARTICLES OF STONE, PLASTER, CEMENT, ASBESTOS, MICA OR SIMILAR MATERIALS; CERAMIC PRODUCTS; GLASS AND GLASSWARE,3706.21,4135.9,11.59,0.57,March
2024-2025,2025,PAPER & RELATED PRODUCTS,9007.81,9628.83,6.89,1.34,March
2024-2025,2025,BASE METALS,45162.35,47425.23,5.01,6.58,March
2024-2025,2025,OPTICAL, MEDICAL & SURGICAL INSTRUMENTS,8853.22,9662.25,9.14,1.34,March
2024-2025,2025,ELECTORONICS ITEMS,87856.99,98650.56,12.29,13.68,March
2024-2025,2025,MACHINERY,56319.6,62044,10.16,8.6,March
2024-2025,2025,OFFICE EQUIPMENTS,80.96,73.86,-8.77,0.01,March
2024-2025,2025,TRANSPORT EQUIPMENTS,25175.91,27793.27,10.4,3.85,March
2024-2025,2025,PROJECT GOODS,1321.4,1077.58,-18.45,0.15,March
2024-2025,2025,TEXTILES & ALLIED PRODUCTS,8104.57,8860.46,9.33,1.23,March
2024-2025,2025,PETROLEUM CRUDE & PRODUCTS,178732.7,185779.29,3.94,25.76,March
2024-2025,2025,OTHERS,6857.1,7349.9,7.19,1.02,March
2025-2026,2026,PLANTATION,1457.77,1324.99,-9.11,0.17,March
2025-2026,2026,AGRI & ALLIED PRODUCTS,35151.78,36398.93,3.55,4.7,March
2025-2026,2026,MARINE PRODUCTS,309.05,363.42,17.59,0.05,March
2025-2026,2026,ORES & MINERALS,42079.02,42343.55,0.63,5.46,March
2025-2026,2026,LEATHER & LEATHER MANUFACTURES,1016.75,966.08,-4.98,0.12,March
2025-2026,2026,GEMS & JEWELLERY,88942.8,109392.94,22.99,14.12,March
2025-2026,2026,SPORTS GOODS,413.23,503.25,21.79,0.06,March
2025-2026,2026,CHEMICALS & RELATED PRODUCTS,63223.55,72687.97,14.97,9.38,March
2025-2026,2026,PLASTIC & RUBBER ARTICLES,26125.14,26799.55,2.58,3.46,March
2025-2026,2026,ARTICLES OF STONE, PLASTER, CEMENT, ASBESTOS, MICA OR SIMILAR MATERIALS; CERAMIC PRODUCTS; GLASS AND GLASSWARE,4135.9,5158.94,24.74,0.67,March
2025-2026,2026,PAPER & RELATED PRODUCTS,9628.83,9291.75,-3.5,1.2,March
2025-2026,2026,BASE METALS,47425.23,50345.43,6.16,6.5,March
2025-2026,2026,OPTICAL, MEDICAL & SURGICAL INSTRUMENTS,9662.25,10903.81,12.85,1.41,March
2025-2026,2026,ELECTORONICS ITEMS,98650.56,116176.21,17.77,14.99,March
2025-2026,2026,MACHINERY,62044,71381.89,15.05,9.21,March
2025-2026,2026,OFFICE EQUIPMENTS,73.86,62.12,-15.9,0.01,March
2025-2026,2026,TRANSPORT EQUIPMENTS,27793.27,27716.62,-0.28,3.58,March
2025-2026,2026,PROJECT GOODS,1077.58,1060.24,-1.61,0.14,March
2025-2026,2026,TEXTILES & ALLIED PRODUCTS,8860.46,10416.15,17.56,1.34,March
2025-2026,2026,PETROLEUM CRUDE & PRODUCTS,185779.29,173941.9,-6.37,22.44,March
2025-2026,2026,OTHERS,7349.9,7742.46,5.34,1,March
